2_C-10.61;3_C151.15;4_C-9.47;5_C201.84;6_C-6.27;9_C130.49;10_C228.66;11_C-138.89;12_C-27.88;13_C-13.33;14_C63.6
12;51.2;26.5;4.1;6.3;15.9;4.9;2;3.4;7.6;9.1
11.7;50;25.9;4;6.2;15.5;4.8;1.9;3.3;7.5;8.9
11.3;48.3;25;3.9;5.9;14.9;4.6;1.9;3.2;7.2;8.6
11;46.9;24.3;3.7;5.8;14.5;4.5;1.8;3.1;7;8.4
10.9;46.8;24.2;3.7;5.8;14.5;4.5;1.8;3.1;7;8.3
10.8;46.4;24.1;3.7;5.7;14.4;4.4;1.8;3;6.9;8.3
10.7;46;23.8;3.7;5.7;14.2;4.4;1.8;3;6.9;8.2
10.7;45.8;23.7;3.7;5.6;14.2;4.4;1.8;3;6.8;8.2
10.5;44.9;23.3;3.6;5.5;13.9;4.3;1.7;2.9;6.7;8
10.2;43.8;22.7;3.5;5.4;13.6;4.2;1.7;2.9;6.5;7.8
10.1;43.3;22.5;3.5;5.3;13.4;4.2;1.7;2.8;6.5;7.7
10;42.8;22.2;3.4;5.3;13.2;4.1;1.7;2.8;6.4;7.6
9.9;42.4;22;3.4;5.2;13.1;4.1;1.6;2.8;6.3;7.6
9.9;42.5;22.1;3.4;5.2;13.2;4.1;1.6;2.8;6.3;7.6
10;42.7;22.1;3.4;5.3;13.2;4.1;1.7;2.8;6.4;7.6
10.1;43.3;22.5;3.5;5.3;13.4;4.2;1.7;2.8;6.4;7.7
10.4;44.5;23.1;3.6;5.5;13.8;4.3;1.7;2.9;6.6;7.9
10.6;45.5;23.6;3.6;5.6;14.1;4.4;1.8;3;6.8;8.1
10.9;46.8;24.3;3.7;5.8;14.5;4.5;1.8;3.1;7;8.3
11.4;48.9;25.4;3.9;6;15.1;4.7;1.9;3.2;7.3;8.7
11.8;50.7;26.3;4.1;6.2;15.7;4.9;2;3.3;7.5;9
12.2;52.4;27.2;4.2;6.4;16.2;5;2;3.4;7.8;9.3
12.6;54.1;28.1;4.3;6.7;16.7;5.2;2.1;3.5;8;9.6
12.9;55.2;28.7;4.4;6.8;17.1;5.3;2.1;3.6;8.2;9.8
13.1;56.1;29.1;4.5;6.9;17.3;5.4;2.2;3.7;8.3;10
13.3;56.7;29.4;4.5;7;17.5;5.4;2.2;3.7;8.4;10.1
13.4;57.3;29.7;4.6;7;17.7;5.5;2.2;3.7;8.5;10.2
13.5;57.8;30;4.6;7.1;17.9;5.5;2.2;3.8;8.6;10.3
13.6;58.3;30.3;4.7;7.2;18;5.6;2.3;3.8;8.7;10.4
13.7;58.6;30.4;4.7;7.2;18.1;5.6;2.3;3.8;8.7;10.4
13.7;58.8;30.5;4.7;7.2;18.2;5.6;2.3;3.8;8.7;10.4
13.8;58.9;30.6;4.7;7.2;18.2;5.7;2.3;3.8;8.7;10.4
13.8;59;30.6;4.7;7.3;18.2;5.7;2.3;3.9;8.8;10.5
13.8;59.1;30.7;4.7;7.3;18.3;5.7;2.3;3.9;8.8;10.5
13.8;59.2;30.8;4.7;7.3;18.3;5.7;2.3;3.9;8.8;10.5
13.9;59.6;31;4.8;7.3;18.4;5.7;2.3;3.9;8.9;10.6
14;59.7;31;4.8;7.3;18.5;5.7;2.3;3.9;8.9;10.6
13.9;59.4;30.9;4.8;7.3;18.4;5.7;2.3;3.9;8.8;10.5
13.9;59.6;31;4.8;7.3;18.4;5.7;2.3;3.9;8.9;10.6
13.9;59.7;31;4.8;7.3;18.4;5.7;2.3;3.9;8.9;10.6
13.8;58.9;30.6;4.7;7.3;18.2;5.7;2.3;3.9;8.8;10.4
13.7;58.5;30.4;4.7;7.2;18.1;5.6;2.3;3.8;8.7;10.4
13.6;58.3;30.3;4.7;7.2;18;5.6;2.2;3.8;8.7;10.3
13.6;58.1;30.2;4.7;7.2;18;5.6;2.2;3.8;8.6;10.3
13.4;57.4;29.9;4.6;7.1;17.7;5.5;2.2;3.8;8.5;10.2
13.2;56.7;29.5;4.5;7;17.5;5.4;2.2;3.7;8.4;10
13.2;56.3;29.3;4.5;6.9;17.4;5.4;2.2;3.7;8.4;10
13.1;55.9;29.1;4.5;6.9;17.3;5.4;2.2;3.7;8.3;9.9
13;55.5;28.8;4.5;6.8;17.1;5.3;2.1;3.6;8.2;9.8
12.9;55.2;28.7;4.4;6.8;17;5.3;2.1;3.6;8.2;9.8
12.8;54.9;28.6;4.4;6.8;17;5.3;2.1;3.6;8.1;9.7
12.8;54.9;28.6;4.4;6.8;17;5.3;2.1;3.6;8.1;9.7
12.9;55.1;28.7;4.4;6.8;17;5.3;2.1;3.6;8.2;9.7
13;55.7;29;4.5;6.9;17.2;5.4;2.1;3.6;8.3;9.8
13.2;56.4;29.4;4.5;6.9;17.4;5.4;2.2;3.7;8.4;10
13.4;57.2;29.8;4.6;7;17.7;5.5;2.2;3.7;8.5;10.1
13.7;58.4;30.4;4.7;7.2;18;5.6;2.2;3.8;8.7;10.3
13.9;59.3;30.9;4.8;7.3;18.3;5.7;2.3;3.9;8.8;10.5
13.9;59.3;30.9;4.8;7.3;18.3;5.7;2.3;3.9;8.8;10.5
13.8;58.9;30.6;4.7;7.2;18.2;5.7;2.3;3.8;8.7;10.4
13.6;58.1;30.2;4.7;7.1;17.9;5.6;2.2;3.8;8.6;10.3
13.3;57;29.7;4.6;7;17.6;5.5;2.2;3.7;8.4;10.1
13.1;56;29.1;4.5;6.9;17.3;5.4;2.1;3.7;8.3;9.9
12.9;55.1;28.7;4.4;6.8;17;5.3;2.1;3.6;8.2;9.7
12.7;54.4;28.3;4.4;6.7;16.8;5.2;2.1;3.5;8.1;9.6
12.6;53.7;28;4.3;6.6;16.6;5.2;2.1;3.5;8;9.5
12.4;53.2;27.7;4.3;6.5;16.4;5.1;2;3.5;7.9;9.4
12.5;53.4;27.8;4.3;6.6;16.5;5.1;2;3.5;7.9;9.4
12.9;55.1;28.7;4.4;6.8;17;5.3;2.1;3.6;8.2;9.7
13.2;56.3;29.3;4.5;6.9;17.4;5.4;2.2;3.7;8.3;9.9
13;55.6;29;4.5;6.8;17.2;5.3;2.1;3.6;8.2;9.8
12.9;55.3;28.8;4.4;6.8;17.1;5.3;2.1;3.6;8.2;9.7
12.8;54.9;28.6;4.4;6.7;16.9;5.3;2.1;3.6;8.1;9.7
12.5;53.5;27.8;4.3;6.6;16.5;5.1;2;3.5;7.9;9.4
12;51.5;26.8;4.1;6.3;15.9;5;2;3.4;7.6;9.1
11.7;50;26.1;4;6.1;15.4;4.8;1.9;3.3;7.4;8.8
11.7;49.8;26;4;6.1;15.4;4.8;1.9;3.2;7.4;8.8
11.6;49.5;25.8;4;6.1;15.3;4.8;1.9;3.2;7.3;8.7
11.5;49.1;25.6;4;6;15.2;4.7;1.9;3.2;7.3;8.6
11.4;48.9;25.5;3.9;6;15.1;4.7;1.9;3.2;7.2;8.6
11.2;48;25;3.9;5.9;14.8;4.6;1.8;3.1;7.1;8.4
11;46.9;24.4;3.8;5.8;14.5;4.5;1.8;3.1;6.9;8.3
10.8;46.4;24.2;3.7;5.7;14.3;4.5;1.8;3;6.9;8.2
10.7;45.8;23.9;3.7;5.6;14.1;4.4;1.8;3;6.8;8.1
10.6;45.4;23.7;3.7;5.6;14;4.4;1.7;3;6.7;8
10.6;45.4;23.7;3.7;5.6;14;4.4;1.7;3;6.7;8
10.7;45.5;23.7;3.7;5.6;14;4.4;1.7;3;6.7;8
10.8;46;24;3.7;5.7;14.2;4.4;1.8;3;6.8;8.1
11;47.2;24.6;3.8;5.8;14.6;4.5;1.8;3.1;7;8.3
11.3;48.1;25.1;3.9;5.9;14.8;4.6;1.8;3.1;7.1;8.4
11.5;49.3;25.7;4;6.1;15.2;4.7;1.9;3.2;7.3;8.7
12;51.4;26.8;4.1;6.3;15.9;4.9;2;3.3;7.6;9
12.5;53.3;27.8;4.3;6.5;16.4;5.1;2;3.5;7.9;9.4
12.9;55;28.7;4.4;6.8;17;5.3;2.1;3.6;8.1;9.7
13.3;56.8;29.6;4.6;7;17.5;5.5;2.2;3.7;8.4;10
13.6;58;30.2;4.7;7.1;17.9;5.6;2.2;3.8;8.6;10.2
13.7;58.7;30.6;4.7;7.2;18.1;5.6;2.2;3.8;8.7;10.3
13.9;59.3;30.9;4.8;7.3;18.3;5.7;2.3;3.9;8.7;10.4
14;59.7;31.2;4.8;7.3;18.4;5.7;2.3;3.9;8.8;10.5
14.1;60.1;31.4;4.8;7.4;18.5;5.8;2.3;3.9;8.9;10.5
14.2;60.5;31.6;4.9;7.4;18.7;5.8;2.3;3.9;8.9;10.6
14.2;60.7;31.7;4.9;7.5;18.7;5.8;2.3;4;9;10.6
14.2;60.8;31.7;4.9;7.5;18.7;5.9;2.3;4;9;10.6
14.2;60.8;31.7;4.9;7.5;18.7;5.9;2.3;4;9;10.6
14.2;60.8;31.7;4.9;7.5;18.7;5.9;2.3;4;9;10.7
14.2;60.9;31.8;4.9;7.5;18.8;5.9;2.3;4;9;10.7
14.3;61;31.8;4.9;7.5;18.8;5.9;2.3;4;9;10.7
14.3;61.3;32;4.9;7.5;18.9;5.9;2.3;4;9;10.7
14.3;61.3;32;4.9;7.5;18.9;5.9;2.3;4;9;10.7
14.2;60.9;31.8;4.9;7.5;18.8;5.9;2.3;4;9;10.7
14.3;60.9;31.8;4.9;7.5;18.8;5.9;2.3;4;9;10.7
14.3;60.9;31.8;4.9;7.5;18.8;5.9;2.3;4;9;10.7
14.1;60.2;31.4;4.9;7.4;18.5;5.8;2.3;3.9;8.9;10.5
14;59.7;31.2;4.8;7.3;18.4;5.7;2.3;3.9;8.8;10.4
13.9;59.5;31.1;4.8;7.3;18.3;5.7;2.3;3.9;8.8;10.4
13.9;59.4;31;4.8;7.3;18.3;5.7;2.3;3.9;8.7;10.4
13.7;58.7;30.7;4.7;7.2;18.1;5.7;2.2;3.8;8.6;10.3
13.6;57.9;30.2;4.7;7.1;17.8;5.6;2.2;3.8;8.5;10.1
13.5;57.5;30.1;4.6;7.1;17.7;5.5;2.2;3.7;8.5;10.1
13.4;57.1;29.8;4.6;7;17.6;5.5;2.2;3.7;8.4;10
13.3;56.7;29.6;4.6;7;17.5;5.5;2.2;3.7;8.3;9.9
13.2;56.4;29.5;4.6;6.9;17.4;5.4;2.1;3.7;8.3;9.9
13.1;56.2;29.4;4.5;6.9;17.3;5.4;2.1;3.7;8.3;9.8
13.1;56.1;29.3;4.5;6.9;17.3;5.4;2.1;3.6;8.3;9.8
13.2;56.4;29.5;4.6;6.9;17.4;5.4;2.1;3.7;8.3;9.8
13.3;57;29.8;4.6;7;17.5;5.5;2.2;3.7;8.4;9.9
13.5;57.7;30.1;4.7;7.1;17.8;5.6;2.2;3.7;8.5;10.1
13.7;58.4;30.5;4.7;7.2;18;5.6;2.2;3.8;8.6;10.2
13.9;59.5;31.1;4.8;7.3;18.3;5.7;2.3;3.9;8.8;10.4
14.1;60.4;31.6;4.9;7.4;18.6;5.8;2.3;3.9;8.9;10.5
14.1;60.4;31.6;4.9;7.4;18.6;5.8;2.3;3.9;8.9;10.5
14;59.9;31.3;4.8;7.4;18.4;5.8;2.3;3.9;8.8;10.4
13.8;59.1;30.9;4.8;7.3;18.2;5.7;2.2;3.8;8.7;10.3
13.6;58;30.3;4.7;7.1;17.9;5.6;2.2;3.8;8.5;10.1
13.3;56.9;29.8;4.6;7;17.5;5.5;2.2;3.7;8.4;9.9
13.1;56.1;29.3;4.5;6.9;17.3;5.4;2.1;3.6;8.2;9.8
13;55.4;29;4.5;6.8;17.1;5.3;2.1;3.6;8.1;9.7
12.8;54.7;28.6;4.4;6.7;16.8;5.3;2.1;3.6;8;9.5
12.7;54.2;28.4;4.4;6.7;16.7;5.2;2.1;3.5;8;9.4
12.7;54.4;28.4;4.4;6.7;16.7;5.2;2.1;3.5;8;9.5
13.1;56;29.3;4.5;6.9;17.2;5.4;2.1;3.6;8.2;9.8
13.4;57.2;29.9;4.6;7;17.6;5.5;2.2;3.7;8.4;10
13.2;56.5;29.5;4.6;6.9;17.4;5.4;2.1;3.7;8.3;9.8
13.1;56.1;29.4;4.5;6.9;17.3;5.4;2.1;3.6;8.2;9.8
13;55.7;29.1;4.5;6.8;17.1;5.4;2.1;3.6;8.2;9.7
12.7;54.3;28.4;4.4;6.7;16.7;5.2;2.1;3.5;8;9.4
12.2;52.3;27.3;4.2;6.4;16.1;5;2;3.4;7.7;9.1
11.9;50.8;26.6;4.1;6.2;15.6;4.9;1.9;3.3;7.5;8.8
11.8;50.6;26.5;4.1;6.2;15.6;4.9;1.9;3.3;7.4;8.8
11.8;50.2;26.3;4.1;6.2;15.5;4.8;1.9;3.3;7.4;8.7
11.7;49.8;26.1;4;6.1;15.3;4.8;1.9;3.2;7.3;8.7
11.6;49.6;26;4;6.1;15.3;4.8;1.9;3.2;7.3;8.6
11.4;48.7;25.5;3.9;6;15;4.7;1.8;3.2;7.1;8.5
11.1;47.6;24.9;3.9;5.8;14.7;4.6;1.8;3.1;7;8.3
11;47;24.6;3.8;5.8;14.5;4.5;1.8;3.1;6.9;8.2
10.9;46.5;24.3;3.8;5.7;14.3;4.5;1.8;3;6.8;8.1
10.8;46.1;24.2;3.7;5.7;14.2;4.5;1.7;3;6.8;8
10.8;46.1;24.2;3.7;5.7;14.2;4.5;1.7;3;6.8;8
10.8;46.2;24.2;3.7;5.7;14.2;4.5;1.7;3;6.8;8
10.9;46.7;24.5;3.8;5.7;14.4;4.5;1.8;3;6.8;8.1
11.2;47.8;25.1;3.9;5.9;14.7;4.6;1.8;3.1;7;8.3
11.4;48.8;25.5;3.9;6;15;4.7;1.8;3.2;7.1;8.5
11.7;50;26.2;4;6.1;15.4;4.8;1.9;3.2;7.3;8.7
12.2;52;27.3;4.2;6.4;16;5;2;3.4;7.6;9
12.6;53.8;28.2;4.4;6.6;16.6;5.2;2;3.5;7.9;9.3
13;55.5;29.1;4.5;6.8;17.1;5.4;2.1;3.6;8.1;9.6
13.4;57.3;30;4.6;7;17.6;5.5;2.2;3.7;8.4;9.9
13.7;58.6;30.7;4.7;7.2;18;5.7;2.2;3.8;8.6;10.2
13.9;59.4;31.1;4.8;7.3;18.3;5.7;2.2;3.9;8.7;10.3
14.1;60.1;31.5;4.9;7.4;18.5;5.8;2.3;3.9;8.8;10.4
14.2;60.6;31.8;4.9;7.4;18.6;5.8;2.3;3.9;8.9;10.5
14.3;61;32;4.9;7.5;18.8;5.9;2.3;4;8.9;10.6
14.4;61.5;32.2;5;7.5;18.9;5.9;2.3;4;9;10.6
14.4;61.7;32.3;5;7.6;19;6;2.3;4;9;10.7
14.5;61.7;32.4;5;7.6;19;6;2.3;4;9;10.7
14.5;61.8;32.4;5;7.6;19;6;2.3;4;9;10.7
14.5;61.8;32.4;5;7.6;19;6;2.3;4;9;10.7
14.5;61.9;32.4;5;7.6;19;6;2.3;4;9;10.7
14.5;62;32.5;5;7.6;19.1;6;2.3;4;9.1;10.7
14.6;62.3;32.7;5.1;7.6;19.2;6;2.3;4;9.1;10.8
14.6;62.4;32.7;5.1;7.7;19.2;6;2.3;4;9.1;10.8
14.5;62;32.5;5;7.6;19.1;6;2.3;4;9.1;10.7
14.5;62;32.5;5;7.6;19.1;6;2.3;4;9.1;10.7
14.5;61.9;32.5;5;7.6;19;6;2.3;4;9.1;10.7
14.3;61.2;32.1;5;7.5;18.8;5.9;2.3;4;8.9;10.6
14.2;60.7;31.8;4.9;7.4;18.7;5.9;2.3;3.9;8.9;10.5
14.2;60.5;31.8;4.9;7.4;18.6;5.8;2.3;3.9;8.8;10.5
14.2;60.4;31.7;4.9;7.4;18.6;5.8;2.3;3.9;8.8;10.4
14;59.7;31.3;4.8;7.3;18.4;5.8;2.2;3.9;8.7;10.3
13.8;58.9;30.9;4.8;7.2;18.1;5.7;2.2;3.8;8.6;10.2
13.7;58.5;30.7;4.7;7.2;18;5.7;2.2;3.8;8.5;10.1
13.6;58.1;30.5;4.7;7.1;17.9;5.6;2.2;3.8;8.5;10
13.5;57.7;30.3;4.7;7.1;17.7;5.6;2.2;3.7;8.4;10
13.4;57.4;30.1;4.7;7;17.6;5.5;2.2;3.7;8.4;9.9
13.4;57.2;30;4.6;7;17.6;5.5;2.1;3.7;8.3;9.9
13.4;57.1;30;4.6;7;17.5;5.5;2.1;3.7;8.3;9.9
13.4;57.3;30.1;4.7;7;17.6;5.5;2.1;3.7;8.4;9.9
13.6;57.9;30.4;4.7;7.1;17.8;5.6;2.2;3.7;8.5;10
13.7;58.6;30.8;4.8;7.2;18;5.7;2.2;3.8;8.6;10.1
13.9;59.4;31.2;4.8;7.3;18.2;5.7;2.2;3.8;8.7;10.2
14.2;60.5;31.8;4.9;7.4;18.6;5.9;2.3;3.9;8.8;10.4
14.4;61.4;32.3;5;7.5;18.9;5.9;2.3;4;9;10.6
14.4;61.4;32.2;5;7.5;18.9;5.9;2.3;4;9;10.6
14.3;60.8;31.9;4.9;7.5;18.7;5.9;2.3;3.9;8.9;10.5
14.1;60;31.5;4.9;7.4;18.4;5.8;2.2;3.9;8.8;10.3
13.8;58.9;30.9;4.8;7.2;18.1;5.7;2.2;3.8;8.6;10.1
13.5;57.8;30.4;4.7;7.1;17.8;5.6;2.2;3.7;8.4;10
13.3;56.9;29.9;4.6;7;17.5;5.5;2.1;3.7;8.3;9.8
13.2;56.2;29.5;4.6;6.9;17.3;5.4;2.1;3.6;8.2;9.7
13;55.5;29.2;4.5;6.8;17.1;5.4;2.1;3.6;8.1;9.6
12.9;55;28.9;4.5;6.8;16.9;5.3;2.1;3.6;8;9.5
12.9;55.2;29;4.5;6.8;16.9;5.3;2.1;3.6;8;9.5
13.3;56.8;29.9;4.6;7;17.5;5.5;2.1;3.7;8.3;9.8
13.6;58.1;30.5;4.7;7.1;17.8;5.6;2.2;3.8;8.5;10
13.4;57.3;30.1;4.7;7;17.6;5.5;2.1;3.7;8.4;9.9
13.4;57;30;4.6;7;17.5;5.5;2.1;3.7;8.3;9.8
13.3;56.6;29.8;4.6;6.9;17.4;5.5;2.1;3.7;8.3;9.7
12.9;55.2;29;4.5;6.8;17;5.3;2.1;3.6;8;9.5
12.5;53.2;28;4.3;6.5;16.3;5.1;2;3.4;7.8;9.2
12.1;51.7;27.2;4.2;6.3;15.9;5;1.9;3.3;7.5;8.9
12.1;51.5;27.1;4.2;6.3;15.8;5;1.9;3.3;7.5;8.9
12;51.2;26.9;4.2;6.3;15.7;4.9;1.9;3.3;7.5;8.8
11.9;50.8;26.7;4.1;6.2;15.6;4.9;1.9;3.3;7.4;8.7
11.8;50.5;26.6;4.1;6.2;15.5;4.9;1.9;3.3;7.4;8.7
11.6;49.6;26.1;4;6.1;15.2;4.8;1.8;3.2;7.2;8.5
11.4;48.5;25.5;3.9;5.9;14.9;4.7;1.8;3.1;7.1;8.3
11.2;47.9;25.2;3.9;5.9;14.7;4.6;1.8;3.1;7;8.2
11.1;47.3;24.9;3.8;5.8;14.5;4.6;1.8;3.1;6.9;8.1
11;46.9;24.7;3.8;5.7;14.4;4.5;1.7;3;6.8;8.1
11;46.8;24.6;3.8;5.7;14.4;4.5;1.7;3;6.8;8
11;46.9;24.7;3.8;5.7;14.4;4.5;1.7;3;6.8;8.1
11.1;47.3;24.9;3.9;5.8;14.5;4.6;1.8;3.1;6.9;8.1
11.4;48.4;25.5;3.9;5.9;14.9;4.7;1.8;3.1;7;8.3
11.6;49.3;25.9;4;6;15.1;4.8;1.8;3.2;7.2;8.5
11.9;50.6;26.6;4.1;6.2;15.5;4.9;1.9;3.3;7.4;8.7
12.3;52.6;27.7;4.3;6.5;16.2;5.1;2;3.4;7.7;9
12.8;54.5;28.7;4.4;6.7;16.7;5.3;2;3.5;7.9;9.3
13.2;56.2;29.6;4.6;6.9;17.2;5.4;2.1;3.6;8.2;9.6
13.6;58;30.5;4.7;7.1;17.8;5.6;2.2;3.7;8.4;9.9
13.9;59.1;31.1;4.8;7.2;18.1;5.7;2.2;3.8;8.6;10.1
14;59.8;31.5;4.9;7.3;18.4;5.8;2.2;3.9;8.7;10.3
14.2;60.4;31.8;4.9;7.4;18.5;5.8;2.2;3.9;8.8;10.3
14.3;60.8;32;5;7.5;18.7;5.9;2.3;3.9;8.8;10.4
14.3;61.2;32.2;5;7.5;18.8;5.9;2.3;4;8.9;10.5
14.4;61.6;32.4;5;7.6;18.9;6;2.3;4;9;10.6
14.5;61.8;32.5;5;7.6;19;6;2.3;4;9;10.6
14.5;61.9;32.6;5;7.6;19;6;2.3;4;9;10.6
14.5;61.9;32.6;5;7.6;19;6;2.3;4;9;10.6
14.5;61.9;32.6;5;7.6;19;6;2.3;4;9;10.6
14.5;62;32.6;5.1;7.6;19;6;2.3;4;9;10.6
14.6;62.1;32.7;5.1;7.6;19.1;6;2.3;4;9;10.6
14.6;62.4;32.8;5.1;7.6;19.1;6;2.3;4;9.1;10.7
14.6;62.4;32.9;5.1;7.6;19.1;6;2.3;4;9.1;10.7
14.5;62;32.6;5;7.6;19;6;2.3;4;9;10.6
14.6;62;32.7;5.1;7.6;19;6;2.3;4;9;10.6
14.5;62;32.7;5.1;7.6;19;6;2.3;4;9;10.6
14.4;61.2;32.2;5;7.5;18.8;5.9;2.3;4;8.9;10.5
14.2;60.7;32;4.9;7.4;18.6;5.9;2.3;3.9;8.8;10.4
14.2;60.5;31.9;4.9;7.4;18.6;5.9;2.2;3.9;8.8;10.3
14.2;60.4;31.8;4.9;7.4;18.5;5.8;2.2;3.9;8.8;10.3
14;59.6;31.4;4.9;7.3;18.3;5.8;2.2;3.8;8.7;10.2
13.8;58.8;31;4.8;7.2;18;5.7;2.2;3.8;8.5;10.1
13.7;58.5;30.8;4.8;7.2;17.9;5.7;2.2;3.8;8.5;10
13.6;58;30.6;4.7;7.1;17.8;5.6;2.1;3.7;8.4;9.9
13.5;57.6;30.3;4.7;7.1;17.7;5.6;2.1;3.7;8.4;9.8
13.4;57.3;30.2;4.7;7;17.6;5.5;2.1;3.7;8.3;9.8
13.4;57.1;30.1;4.7;7;17.5;5.5;2.1;3.7;8.3;9.8
13.4;57;30.1;4.7;7;17.5;5.5;2.1;3.7;8.3;9.7
13.4;57.3;30.2;4.7;7;17.6;5.6;2.1;3.7;8.3;9.8
13.6;57.9;30.5;4.7;7.1;17.8;5.6;2.1;3.7;8.4;9.9
13.7;58.6;30.9;4.8;7.2;18;5.7;2.2;3.8;8.5;10
13.9;59.3;31.3;4.8;7.3;18.2;5.7;2.2;3.8;8.6;10.1
14.2;60.5;31.9;4.9;7.4;18.5;5.9;2.2;3.9;8.8;10.3
14.4;61.4;32.3;5;7.5;18.8;5.9;2.3;4;8.9;10.5
14.4;61.3;32.3;5;7.5;18.8;5.9;2.3;4;8.9;10.5
14.3;60.8;32.1;5;7.4;18.6;5.9;2.2;3.9;8.8;10.4
14.1;60;31.6;4.9;7.3;18.4;5.8;2.2;3.9;8.7;10.2
13.8;58.9;31.1;4.8;7.2;18.1;5.7;2.2;3.8;8.5;10
13.6;57.9;30.5;4.7;7.1;17.7;5.6;2.1;3.7;8.4;9.9
13.4;57;30.1;4.7;7;17.5;5.5;2.1;3.7;8.3;9.7
13.2;56.3;29.7;4.6;6.9;17.3;5.5;2.1;3.6;8.2;9.6
13.1;55.6;29.3;4.5;6.8;17.1;5.4;2.1;3.6;8.1;9.5
12.9;55.1;29.1;4.5;6.8;16.9;5.3;2;3.6;8;9.4
13;55.3;29.2;4.5;6.8;16.9;5.4;2;3.6;8;9.4
13.4;57;30;4.7;7;17.5;5.5;2.1;3.7;8.3;9.7
13.7;58.3;30.7;4.8;7.1;17.9;5.6;2.2;3.8;8.4;9.9
13.5;57.6;30.4;4.7;7.1;17.7;5.6;2.1;3.7;8.3;9.8
13.4;57.3;30.2;4.7;7;17.6;5.6;2.1;3.7;8.3;9.8
13.3;56.9;30;4.6;7;17.4;5.5;2.1;3.7;8.2;9.7
13;55.5;29.3;4.5;6.8;17;5.4;2;3.6;8;9.4
12.5;53.4;28.2;4.4;6.5;16.4;5.2;2;3.4;7.7;9.1
12.2;51.9;27.4;4.2;6.4;15.9;5;1.9;3.3;7.5;8.8
12.1;51.7;27.3;4.2;6.3;15.9;5;1.9;3.3;7.5;8.8
12;51.4;27.1;4.2;6.3;15.7;5;1.9;3.3;7.4;8.7
11.9;50.9;26.9;4.2;6.2;15.6;4.9;1.9;3.3;7.4;8.7
11.9;50.7;26.7;4.1;6.2;15.5;4.9;1.9;3.3;7.3;8.6
11.7;49.7;26.2;4.1;6.1;15.2;4.8;1.8;3.2;7.2;8.5
11.4;48.6;25.7;4;6;14.9;4.7;1.8;3.1;7;8.3
11.3;48.1;25.4;3.9;5.9;14.7;4.7;1.8;3.1;7;8.2
11.1;47.5;25.1;3.9;5.8;14.5;4.6;1.7;3.1;6.9;8.1
11;47;24.8;3.8;5.8;14.4;4.6;1.7;3;6.8;8
11;47;24.8;3.8;5.8;14.4;4.6;1.7;3;6.8;8
11;47.1;24.9;3.8;5.8;14.4;4.6;1.7;3;6.8;8
11.1;47.5;25.1;3.9;5.8;14.6;4.6;1.7;3.1;6.9;8.1
11.4;48.6;25.7;4;5.9;14.9;4.7;1.8;3.1;7;8.3
11.6;49.5;26.1;4;6.1;15.2;4.8;1.8;3.2;7.2;8.4
11.9;50.7;26.8;4.1;6.2;15.5;4.9;1.9;3.3;7.3;8.6
12.4;52.6;27.8;4.3;6.4;16.1;5.1;1.9;3.4;7.6;8.9
12.8;54.4;28.7;4.4;6.7;16.7;5.3;2;3.5;7.9;9.2
13.2;56;29.6;4.6;6.9;17.2;5.4;2.1;3.6;8.1;9.5
13.6;57.8;30.5;4.7;7.1;17.7;5.6;2.1;3.7;8.4;9.8
13.8;59;31.1;4.8;7.2;18.1;5.7;2.2;3.8;8.5;10
14;59.7;31.5;4.9;7.3;18.3;5.8;2.2;3.8;8.6;10.1
14.1;60.2;31.8;4.9;7.4;18.5;5.8;2.2;3.9;8.7;10.2
14.2;60.7;32.1;5;7.4;18.6;5.9;2.2;3.9;8.8;10.3
14.4;61.2;32.3;5;7.5;18.7;5.9;2.2;3.9;8.8;10.4
14.5;61.7;32.6;5;7.5;18.9;6;2.3;4;8.9;10.5
14.5;61.9;32.7;5.1;7.6;19;6;2.3;4;8.9;10.5
14.5;61.9;32.7;5.1;7.6;19;6;2.3;4;8.9;10.5
14.5;62;32.7;5.1;7.6;19;6;2.3;4;9;10.5
14.5;62;32.8;5.1;7.6;19;6;2.3;4;9;10.5
14.6;62;32.8;5.1;7.6;19;6;2.3;4;9;10.5
14.6;62.1;32.8;5.1;7.6;19;6;2.3;4;9;10.5
14.6;62.3;32.9;5.1;7.6;19.1;6;2.3;4;9;10.6
14.6;62.3;32.9;5.1;7.6;19.1;6;2.3;4;9;10.6
14.5;61.9;32.7;5.1;7.6;19;6;2.3;4;8.9;10.5
14.6;62.1;32.8;5.1;7.6;19;6;2.3;4;9;10.5
14.6;62;32.8;5.1;7.6;19;6;2.3;4;9;10.5
14.3;61;32.3;5;7.5;18.7;5.9;2.2;3.9;8.8;10.3
14.2;60.4;31.9;4.9;7.4;18.5;5.9;2.2;3.9;8.7;10.2
14.1;60;31.7;4.9;7.3;18.4;5.8;2.2;3.9;8.7;10.2
14.1;59.9;31.6;4.9;7.3;18.3;5.8;2.2;3.9;8.6;10.1
13.9;59.1;31.2;4.8;7.2;18.1;5.7;2.2;3.8;8.5;10
13.7;58.2;30.8;4.8;7.1;17.8;5.6;2.1;3.7;8.4;9.9
13.6;57.8;30.6;4.7;7.1;17.7;5.6;2.1;3.7;8.3;9.8
13.5;57.3;30.3;4.7;7;17.6;5.6;2.1;3.7;8.3;9.7
13.3;56.8;30;4.6;6.9;17.4;5.5;2.1;3.7;8.2;9.6
13.2;56.4;29.8;4.6;6.9;17.3;5.5;2.1;3.6;8.1;9.5
13.2;56.1;29.7;4.6;6.9;17.2;5.4;2.1;3.6;8.1;9.5
13.2;56.1;29.7;4.6;6.9;17.2;5.4;2.1;3.6;8.1;9.5
13.3;56.5;29.9;4.6;6.9;17.3;5.5;2.1;3.6;8.1;9.6
13.4;57.1;30.2;4.7;7;17.5;5.5;2.1;3.7;8.2;9.7
13.6;57.8;30.6;4.7;7.1;17.7;5.6;2.1;3.7;8.3;9.8
13.7;58.4;30.9;4.8;7.1;17.9;5.7;2.1;3.8;8.4;9.9
13.9;59.2;31.3;4.9;7.2;18.1;5.8;2.2;3.8;8.5;10
14.1;59.9;31.7;4.9;7.3;18.3;5.8;2.2;3.9;8.6;10.1
14;59.8;31.6;4.9;7.3;18.3;5.8;2.2;3.8;8.6;10.1
14;59.4;31.4;4.9;7.3;18.2;5.8;2.2;3.8;8.6;10
13.8;58.7;31.1;4.8;7.2;18;5.7;2.1;3.8;8.5;9.9
13.6;57.7;30.6;4.7;7.1;17.7;5.6;2.1;3.7;8.3;9.8
13.3;56.9;30.1;4.7;7;17.4;5.5;2.1;3.7;8.2;9.6
13.2;56.1;29.7;4.6;6.9;17.2;5.5;2.1;3.6;8.1;9.5
13;55.6;29.4;4.6;6.8;17;5.4;2;3.6;8;9.4
12.9;55;29.1;4.5;6.7;16.8;5.3;2;3.5;7.9;9.3
12.8;54.6;28.9;4.5;6.7;16.7;5.3;2;3.5;7.9;9.2
12.9;54.9;29;4.5;6.7;16.8;5.3;2;3.5;7.9;9.3
13.3;56.6;30;4.6;6.9;17.3;5.5;2.1;3.6;8.2;9.6
13.6;58;30.7;4.8;7.1;17.8;5.6;2.1;3.7;8.4;9.8
13.5;57.3;30.3;4.7;7;17.5;5.6;2.1;3.7;8.3;9.7
13.4;57;30.2;4.7;7;17.4;5.5;2.1;3.7;8.2;9.6
13.3;56.5;29.9;4.6;6.9;17.3;5.5;2.1;3.6;8.1;9.5
12.9;54.9;29.1;4.5;6.7;16.8;5.3;2;3.5;7.9;9.3
12.4;52.8;28;4.3;6.5;16.2;5.1;1.9;3.4;7.6;8.9
12;51.2;27.1;4.2;6.3;15.7;5;1.9;3.3;7.4;8.6
12;50.9;27;4.2;6.2;15.6;4.9;1.9;3.3;7.3;8.6
11.8;50.4;26.7;4.1;6.2;15.4;4.9;1.8;3.2;7.3;8.5
11.7;49.9;26.4;4.1;6.1;15.3;4.8;1.8;3.2;7.2;8.4
11.6;49.5;26.2;4.1;6.1;15.1;4.8;1.8;3.2;7.1;8.3
11.4;48.4;25.6;4;5.9;14.8;4.7;1.8;3.1;7;8.2
11.1;47.2;25;3.9;5.8;14.4;4.6;1.7;3;6.8;8
10.9;46.5;24.6;3.8;5.7;14.2;4.5;1.7;3;6.7;7.8
10.8;45.8;24.3;3.8;5.6;14;4.4;1.7;2.9;6.6;7.7
10.6;45.2;24;3.7;5.5;13.8;4.4;1.7;2.9;6.5;7.6
10.6;45;23.9;3.7;5.5;13.8;4.4;1.6;2.9;6.5;7.6
10.5;44.8;23.7;3.7;5.5;13.7;4.4;1.6;2.9;6.4;7.5
10.5;44.8;23.8;3.7;5.5;13.7;4.4;1.6;2.9;6.4;7.6
10.6;45.3;24;3.7;5.5;13.9;4.4;1.7;2.9;6.5;7.6
10.7;45.6;24.1;3.7;5.6;13.9;4.4;1.7;2.9;6.6;7.7
10.8;45.9;24.3;3.8;5.6;14.1;4.5;1.7;2.9;6.6;7.7
10.9;46.6;24.7;3.8;5.7;14.3;4.5;1.7;3;6.7;7.8
11.1;47.1;24.9;3.9;5.8;14.4;4.6;1.7;3;6.8;7.9
11.2;47.6;25.2;3.9;5.8;14.6;4.6;1.7;3.1;6.8;8
11.4;48.3;25.6;4;5.9;14.8;4.7;1.8;3.1;6.9;8.1
11.5;49;26;4;6;15;4.8;1.8;3.1;7;8.2
11.7;49.7;26.4;4.1;6.1;15.2;4.8;1.8;3.2;7.1;8.4
11.9;50.6;26.8;4.2;6.2;15.5;4.9;1.8;3.3;7.3;8.5
12.1;51.6;27.3;4.2;6.3;15.8;5;1.9;3.3;7.4;8.7
12.3;52.5;27.9;4.3;6.4;16.1;5.1;1.9;3.4;7.6;8.8
12.6;53.5;28.4;4.4;6.5;16.4;5.2;1.9;3.4;7.7;9
12.7;54.1;28.7;4.4;6.6;16.6;5.3;2;3.5;7.8;9.1
12.8;54.5;28.9;4.5;6.7;16.7;5.3;2;3.5;7.8;9.2
12.9;54.8;29.1;4.5;6.7;16.8;5.3;2;3.5;7.9;9.2
12.9;54.9;29.1;4.5;6.7;16.8;5.3;2;3.5;7.9;9.2
12.9;54.9;29.1;4.5;6.7;16.8;5.3;2;3.5;7.9;9.2
12.9;55.1;29.2;4.5;6.7;16.9;5.4;2;3.5;7.9;9.3
13;55.5;29.4;4.6;6.8;17;5.4;2;3.6;8;9.3
13.1;55.9;29.6;4.6;6.8;17.1;5.4;2;3.6;8;9.4
13.2;56.2;29.8;4.6;6.9;17.2;5.5;2;3.6;8.1;9.4
13.3;56.8;30.1;4.7;6.9;17.4;5.5;2.1;3.6;8.2;9.5
13.3;56.8;30.1;4.7;6.9;17.4;5.5;2.1;3.6;8.2;9.5
13;55.5;29.5;4.6;6.8;17;5.4;2;3.6;8;9.3
12.8;54.5;28.9;4.5;6.7;16.7;5.3;2;3.5;7.8;9.2
12.7;53.9;28.6;4.4;6.6;16.5;5.2;2;3.5;7.7;9.1
12.6;53.6;28.4;4.4;6.5;16.4;5.2;1.9;3.4;7.7;9
12.4;52.8;28;4.3;6.5;16.1;5.1;1.9;3.4;7.6;8.9
12.2;51.9;27.6;4.3;6.3;15.9;5;1.9;3.3;7.5;8.7
12.1;51.6;27.4;4.2;6.3;15.8;5;1.9;3.3;7.4;8.7
12;51;27.1;4.2;6.2;15.6;5;1.9;3.3;7.3;8.6
11.9;50.5;26.8;4.2;6.2;15.5;4.9;1.8;3.2;7.3;8.5
11.8;50.2;26.7;4.1;6.1;15.4;4.9;1.8;3.2;7.2;8.4
11.8;50.1;26.6;4.1;6.1;15.3;4.9;1.8;3.2;7.2;8.4
11.8;50.1;26.6;4.1;6.1;15.3;4.9;1.8;3.2;7.2;8.4
11.9;50.6;26.8;4.2;6.2;15.5;4.9;1.8;3.2;7.3;8.5
12.1;51.3;27.2;4.2;6.3;15.7;5;1.9;3.3;7.4;8.6
12.3;52.1;27.7;4.3;6.4;16;5.1;1.9;3.3;7.5;8.7
12.4;52.9;28.1;4.3;6.5;16.2;5.1;1.9;3.4;7.6;8.9
12.6;53.8;28.6;4.4;6.6;16.5;5.2;2;3.5;7.7;9
12.8;54.6;29;4.5;6.7;16.7;5.3;2;3.5;7.8;9.2
12.9;54.9;29.1;4.5;6.7;16.8;5.3;2;3.5;7.9;9.2
12.8;54.7;29;4.5;6.7;16.7;5.3;2;3.5;7.8;9.2
12.7;54.2;28.8;4.5;6.6;16.6;5.3;2;3.5;7.8;9.1
12.5;53.4;28.4;4.4;6.5;16.3;5.2;1.9;3.4;7.7;8.9
12.4;52.8;28;4.3;6.4;16.1;5.1;1.9;3.4;7.6;8.8
12.3;52.3;27.8;4.3;6.4;16;5.1;1.9;3.4;7.5;8.8
12.2;51.9;27.5;4.3;6.3;15.9;5;1.9;3.3;7.4;8.7
12.1;51.5;27.3;4.2;6.3;15.7;5;1.9;3.3;7.4;8.6
12.1;51.3;27.3;4.2;6.3;15.7;5;1.9;3.3;7.4;8.6
12.2;51.9;27.6;4.3;6.3;15.9;5;1.9;3.3;7.4;8.7
12.7;53.9;28.6;4.4;6.6;16.5;5.2;2;3.5;7.7;9
13;55.5;29.5;4.6;6.8;17;5.4;2;3.6;8;9.3
12.9;55.1;29.3;4.5;6.7;16.9;5.4;2;3.5;7.9;9.2
12.9;54.8;29.1;4.5;6.7;16.8;5.3;2;3.5;7.8;9.2
12.8;54.3;28.8;4.5;6.6;16.6;5.3;2;3.5;7.8;9.1
12.4;53;28.1;4.4;6.5;16.2;5.2;1.9;3.4;7.6;8.9
12;51;27.1;4.2;6.2;15.6;5;1.8;3.3;7.3;8.5
11.6;49.6;26.3;4.1;6.1;15.2;4.8;1.8;3.2;7.1;8.3
11.6;49.3;26.2;4.1;6;15.1;4.8;1.8;3.2;7.1;8.2
11.5;48.8;25.9;4;6;14.9;4.7;1.8;3.1;7;8.2
11.3;48.3;25.6;4;5.9;14.8;4.7;1.7;3.1;6.9;8.1
11.2;47.8;25.4;3.9;5.8;14.6;4.6;1.7;3.1;6.8;8
11;46.7;24.8;3.8;5.7;14.3;4.5;1.7;3;6.7;7.8
10.7;45.5;24.2;3.7;5.6;13.9;4.4;1.6;2.9;6.5;7.6
10.5;44.7;23.8;3.7;5.5;13.7;4.4;1.6;2.9;6.4;7.5
10.3;44;23.4;3.6;5.4;13.4;4.3;1.6;2.8;6.3;7.4
10.2;43.3;23;3.6;5.3;13.2;4.2;1.6;2.8;6.2;7.2
10.1;43;22.8;3.5;5.3;13.1;4.2;1.6;2.8;6.2;7.2
10;42.7;22.7;3.5;5.2;13.1;4.2;1.5;2.7;6.1;7.1
10;42.6;22.6;3.5;5.2;13;4.1;1.5;2.7;6.1;7.1
10.1;42.8;22.7;3.5;5.2;13.1;4.2;1.5;2.7;6.1;7.1
10.1;42.8;22.8;3.5;5.2;13.1;4.2;1.5;2.7;6.1;7.2
10.1;42.9;22.8;3.5;5.2;13.1;4.2;1.6;2.7;6.1;7.2
10.2;43.2;23;3.6;5.3;13.2;4.2;1.6;2.8;6.2;7.2
10.2;43.3;23;3.6;5.3;13.3;4.2;1.6;2.8;6.2;7.2
10.2;43.5;23.1;3.6;5.3;13.3;4.2;1.6;2.8;6.2;7.3
10.3;43.9;23.4;3.6;5.4;13.4;4.3;1.6;2.8;6.3;7.3
10.4;44.3;23.6;3.6;5.4;13.5;4.3;1.6;2.8;6.3;7.4
10.5;44.8;23.8;3.7;5.5;13.7;4.4;1.6;2.9;6.4;7.5
10.7;45.5;24.2;3.7;5.6;13.9;4.4;1.6;2.9;6.5;7.6
10.9;46.3;24.6;3.8;5.7;14.2;4.5;1.7;3;6.6;7.7
11.1;47.3;25.1;3.9;5.8;14.5;4.6;1.7;3;6.8;7.9
11.3;48.3;25.7;4;5.9;14.8;4.7;1.7;3.1;6.9;8.1
11.5;49.1;26.1;4;6;15;4.8;1.8;3.1;7;8.2
11.7;49.7;26.5;4.1;6.1;15.2;4.8;1.8;3.2;7.1;8.3
11.8;50.4;26.8;4.1;6.1;15.4;4.9;1.8;3.2;7.2;8.4
11.9;50.8;27;4.2;6.2;15.5;4.9;1.8;3.3;7.3;8.5
12;51.1;27.2;4.2;6.2;15.6;5;1.8;3.3;7.3;8.5
12.1;51.6;27.4;4.2;6.3;15.8;5;1.9;3.3;7.4;8.6
12.2;52;27.7;4.3;6.3;15.9;5.1;1.9;3.3;7.4;8.7
12.3;52.5;27.9;4.3;6.4;16;5.1;1.9;3.4;7.5;8.7
12.5;53;28.2;4.4;6.5;16.2;5.2;1.9;3.4;7.6;8.8
12.6;53.6;28.5;4.4;6.5;16.4;5.2;1.9;3.4;7.7;8.9
12.6;53.5;28.5;4.4;6.5;16.4;5.2;1.9;3.4;7.7;8.9
12.3;52.1;27.7;4.3;6.4;15.9;5.1;1.9;3.3;7.5;8.7
12;50.9;27.1;4.2;6.2;15.5;5;1.8;3.3;7.3;8.5
11.8;50;26.6;4.1;6.1;15.3;4.9;1.8;3.2;7.1;8.3
11.7;49.6;26.4;4.1;6.1;15.2;4.8;1.8;3.2;7.1;8.3
11.5;48.7;25.9;4;5.9;14.9;4.7;1.8;3.1;7;8.1
11.3;47.9;25.5;3.9;5.8;14.6;4.7;1.7;3.1;6.8;8
11.2;47.5;25.3;3.9;5.8;14.5;4.6;1.7;3;6.8;7.9
11.1;47.1;25.1;3.9;5.7;14.4;4.6;1.7;3;6.7;7.8
11;46.6;24.8;3.8;5.7;14.3;4.5;1.7;3;6.7;7.8
10.9;46.4;24.7;3.8;5.7;14.2;4.5;1.7;3;6.6;7.7
10.9;46.3;24.6;3.8;5.7;14.2;4.5;1.7;3;6.6;7.7
10.9;46.4;24.7;3.8;5.7;14.2;4.5;1.7;3;6.6;7.7
11.1;47;25;3.9;5.7;14.4;4.6;1.7;3;6.7;7.8
11.3;47.9;25.5;3.9;5.8;14.6;4.7;1.7;3.1;6.8;8
11.5;48.9;26;4;6;14.9;4.8;1.8;3.1;7;8.1
11.7;50;26.6;4.1;6.1;15.3;4.9;1.8;3.2;7.1;8.3
12.1;51.3;27.3;4.2;6.3;15.7;5;1.8;3.3;7.3;8.5
12.3;52.4;27.9;4.3;6.4;16;5.1;1.9;3.4;7.5;8.7
12.5;53;28.2;4.4;6.5;16.2;5.2;1.9;3.4;7.6;8.8
12.5;53.3;28.4;4.4;6.5;16.3;5.2;1.9;3.4;7.6;8.9
12.5;53.2;28.3;4.4;6.5;16.3;5.2;1.9;3.4;7.6;8.8
12.4;52.8;28.1;4.3;6.4;16.1;5.1;1.9;3.4;7.5;8.8
12.3;52.5;27.9;4.3;6.4;16;5.1;1.9;3.4;7.5;8.7
12.3;52.2;27.8;4.3;6.4;16;5.1;1.9;3.3;7.4;8.7
12.2;51.8;27.6;4.3;6.3;15.8;5;1.9;3.3;7.4;8.6
12.1;51.4;27.4;4.2;6.3;15.7;5;1.8;3.3;7.3;8.5
12;51.2;27.3;4.2;6.2;15.6;5;1.8;3.3;7.3;8.5
12.1;51.5;27.4;4.2;6.3;15.7;5;1.9;3.3;7.4;8.6
12.5;53.3;28.4;4.4;6.5;16.3;5.2;1.9;3.4;7.6;8.9
12.9;54.7;29.2;4.5;6.7;16.7;5.3;2;3.5;7.8;9.1
12.7;54.1;28.8;4.5;6.6;16.5;5.3;1.9;3.5;7.7;9
12.7;54;28.7;4.4;6.6;16.5;5.3;1.9;3.5;7.7;9
12.6;53.6;28.6;4.4;6.5;16.4;5.2;1.9;3.4;7.7;8.9
12.3;52.4;27.9;4.3;6.4;16;5.1;1.9;3.4;7.5;8.7
11.9;50.5;26.9;4.2;6.2;15.4;4.9;1.8;3.2;7.2;8.4
11.5;49.1;26.2;4;6;15;4.8;1.8;3.1;7;8.2
11.5;49;26.1;4;6;15;4.8;1.8;3.1;7;8.1
11.4;48.6;25.9;4;5.9;14.9;4.7;1.7;3.1;6.9;8.1
11.3;48.2;25.7;4;5.9;14.7;4.7;1.7;3.1;6.9;8
11.3;47.9;25.5;4;5.8;14.6;4.7;1.7;3.1;6.8;8
11;47;25;3.9;5.7;14.4;4.6;1.7;3;6.7;7.8
10.8;45.9;24.5;3.8;5.6;14;4.5;1.6;2.9;6.5;7.6
10.7;45.3;24.2;3.7;5.5;13.9;4.4;1.6;2.9;6.5;7.5
10.5;44.8;23.9;3.7;5.5;13.7;4.4;1.6;2.9;6.4;7.4
10.4;44.4;23.7;3.7;5.4;13.6;4.3;1.6;2.8;6.3;7.4
10.5;44.5;23.7;3.7;5.4;13.6;4.3;1.6;2.8;6.3;7.4
10.5;44.7;23.8;3.7;5.5;13.7;4.4;1.6;2.9;6.4;7.4
10.6;45.3;24.1;3.7;5.5;13.8;4.4;1.6;2.9;6.5;7.5
11;46.6;24.8;3.8;5.7;14.2;4.5;1.7;3;6.6;7.7
11.2;47.6;25.4;3.9;5.8;14.6;4.6;1.7;3;6.8;7.9
11.5;49;26.1;4;6;15;4.8;1.8;3.1;7;8.1
12;51.1;27.3;4.2;6.2;15.6;5;1.8;3.3;7.3;8.5
12.5;53;28.3;4.4;6.5;16.2;5.2;1.9;3.4;7.6;8.8
12.9;54.8;29.2;4.5;6.7;16.7;5.3;2;3.5;7.8;9.1
13.3;56.5;30.2;4.7;6.9;17.3;5.5;2;3.6;8.1;9.4
13.6;57.8;30.8;4.8;7;17.7;5.6;2.1;3.7;8.2;9.6
13.8;58.6;31.3;4.8;7.2;17.9;5.7;2.1;3.7;8.4;9.7
13.9;59.3;31.6;4.9;7.2;18.1;5.8;2.1;3.8;8.5;9.8
14.1;59.9;32;4.9;7.3;18.3;5.8;2.1;3.8;8.5;9.9
14.2;60.5;32.3;5;7.4;18.5;5.9;2.2;3.9;8.6;10
14.3;61;32.5;5;7.4;18.6;5.9;2.2;3.9;8.7;10.1
14.4;61.3;32.7;5.1;7.5;18.7;6;2.2;3.9;8.7;10.2
14.5;61.5;32.8;5.1;7.5;18.8;6;2.2;3.9;8.8;10.2
14.5;61.5;32.8;5.1;7.5;18.8;6;2.2;3.9;8.8;10.2
14.5;61.6;32.9;5.1;7.5;18.8;6;2.2;3.9;8.8;10.2
14.5;61.8;33;5.1;7.5;18.9;6;2.2;3.9;8.8;10.2
14.6;61.9;33;5.1;7.6;18.9;6;2.2;4;8.8;10.3
14.6;62.3;33.2;5.1;7.6;19;6.1;2.2;4;8.9;10.3
14.7;62.4;33.3;5.2;7.6;19.1;6.1;2.2;4;8.9;10.3
14.6;62.1;33.2;5.1;7.6;19;6.1;2.2;4;8.8;10.3
14.7;62.3;33.3;5.1;7.6;19.1;6.1;2.2;4;8.9;10.3
14.7;62.4;33.3;5.1;7.6;19.1;6.1;2.2;4;8.9;10.3
14.5;61.6;32.9;5.1;7.5;18.8;6;2.2;3.9;8.8;10.2
14.4;61.1;32.6;5;7.5;18.7;6;2.2;3.9;8.7;10.1
14.3;60.9;32.5;5;7.4;18.6;5.9;2.2;3.9;8.7;10.1
14.3;60.7;32.4;5;7.4;18.6;5.9;2.2;3.9;8.6;10
14.1;60;32;5;7.3;18.3;5.9;2.1;3.8;8.5;9.9
13.9;59.2;31.6;4.9;7.2;18.1;5.8;2.1;3.8;8.4;9.8
13.8;58.9;31.4;4.9;7.2;18;5.7;2.1;3.8;8.4;9.7
13.7;58.4;31.2;4.8;7.1;17.9;5.7;2.1;3.7;8.3;9.7
13.6;58;30.9;4.8;7.1;17.7;5.7;2.1;3.7;8.2;9.6
13.6;57.6;30.8;4.8;7;17.6;5.6;2.1;3.7;8.2;9.5
13.5;57.4;30.6;4.7;7;17.5;5.6;2.1;3.7;8.2;9.5
13.5;57.4;30.6;4.7;7;17.5;5.6;2;3.7;8.2;9.5
13.5;57.6;30.8;4.8;7;17.6;5.6;2.1;3.7;8.2;9.5
13.7;58.2;31.1;4.8;7.1;17.8;5.7;2.1;3.7;8.3;9.6
13.9;58.9;31.5;4.9;7.2;18;5.7;2.1;3.8;8.4;9.7
14.1;59.7;31.9;4.9;7.3;18.3;5.8;2.1;3.8;8.5;9.9
14.3;61;32.6;5;7.4;18.6;5.9;2.2;3.9;8.7;10.1
14.6;61.9;33.1;5.1;7.5;18.9;6;2.2;4;8.8;10.2
14.6;62;33.1;5.1;7.6;18.9;6;2.2;4;8.8;10.2
14.5;61.5;32.8;5.1;7.5;18.8;6;2.2;3.9;8.7;10.2
14.3;60.7;32.4;5;7.4;18.5;5.9;2.2;3.9;8.6;10
14;59.5;31.8;4.9;7.3;18.2;5.8;2.1;3.8;8.5;9.8
13.8;58.5;31.2;4.8;7.1;17.9;5.7;2.1;3.7;8.3;9.7
13.5;57.6;30.7;4.8;7;17.6;5.6;2.1;3.7;8.2;9.5
13.4;56.8;30.3;4.7;6.9;17.4;5.5;2;3.6;8.1;9.4
13.2;56.1;29.9;4.6;6.8;17.1;5.5;2;3.6;8;9.3
13.1;55.6;29.7;4.6;6.8;17;5.4;2;3.6;7.9;9.2
13.1;55.7;29.8;4.6;6.8;17;5.4;2;3.6;7.9;9.2
13.5;57.5;30.7;4.7;7;17.6;5.6;2.1;3.7;8.2;9.5
13.8;58.8;31.4;4.9;7.2;18;5.7;2.1;3.8;8.4;9.7
13.6;58;31;4.8;7.1;17.7;5.7;2.1;3.7;8.3;9.6
13.6;57.7;30.8;4.8;7;17.6;5.6;2.1;3.7;8.2;9.5
13.5;57.3;30.6;4.7;7;17.5;5.6;2;3.7;8.1;9.4
13.1;55.8;29.8;4.6;6.8;17.1;5.4;2;3.6;7.9;9.2
12.6;53.7;28.7;4.4;6.5;16.4;5.2;1.9;3.4;7.6;8.9
12.3;52.2;27.9;4.3;6.4;16;5.1;1.9;3.3;7.4;8.6
12.2;52;27.8;4.3;6.3;15.9;5.1;1.9;3.3;7.4;8.6
12.1;51.6;27.6;4.3;6.3;15.8;5;1.8;3.3;7.3;8.5
12;51.2;27.4;4.2;6.2;15.7;5;1.8;3.3;7.3;8.4
12;51;27.3;4.2;6.2;15.6;5;1.8;3.3;7.2;8.4
11.8;50;26.7;4.1;6.1;15.3;4.9;1.8;3.2;7.1;8.3
11.5;48.9;26.2;4;6;15;4.8;1.7;3.1;7;8.1
11.4;48.4;25.9;4;5.9;14.8;4.7;1.7;3.1;6.9;8
11.2;47.8;25.5;3.9;5.8;14.6;4.7;1.7;3.1;6.8;7.9
11.1;47.4;25.3;3.9;5.8;14.5;4.6;1.7;3;6.7;7.8
11.1;47.4;25.3;3.9;5.8;14.5;4.6;1.7;3;6.7;7.8
11.2;47.5;25.4;3.9;5.8;14.5;4.6;1.7;3;6.7;7.8
11.3;48;25.7;4;5.8;14.7;4.7;1.7;3.1;6.8;7.9
11.6;49.2;26.3;4.1;6;15;4.8;1.8;3.1;7;8.1
11.8;50.2;26.8;4.1;6.1;15.3;4.9;1.8;3.2;7.1;8.3
12.1;51.5;27.5;4.2;6.3;15.7;5;1.8;3.3;7.3;8.5
12.6;53.6;28.7;4.4;6.5;16.4;5.2;1.9;3.4;7.6;8.8
13.1;55.5;29.7;4.6;6.8;17;5.4;2;3.5;7.9;9.2
13.5;57.3;30.7;4.7;7;17.5;5.6;2;3.7;8.1;9.4
13.9;59.2;31.7;4.9;7.2;18.1;5.8;2.1;3.8;8.4;9.8
14.2;60.4;32.3;5;7.4;18.5;5.9;2.2;3.9;8.6;10
14.4;61.2;32.7;5.1;7.5;18.7;6;2.2;3.9;8.7;10.1
14.5;61.8;33;5.1;7.5;18.9;6;2.2;3.9;8.8;10.2
14.6;62.3;33.3;5.1;7.6;19;6.1;2.2;4;8.8;10.3
14.7;62.7;33.5;5.2;7.6;19.2;6.1;2.2;4;8.9;10.3
14.8;63.1;33.7;5.2;7.7;19.3;6.2;2.2;4;9;10.4
14.9;63.3;33.8;5.2;7.7;19.3;6.2;2.3;4;9;10.4
14.9;63.3;33.9;5.2;7.7;19.4;6.2;2.3;4;9;10.4
14.9;63.3;33.9;5.2;7.7;19.4;6.2;2.3;4;9;10.4
14.9;63.4;33.9;5.2;7.7;19.4;6.2;2.3;4;9;10.4
14.9;63.4;33.9;5.2;7.7;19.4;6.2;2.3;4;9;10.4
15;63.6;34;5.3;7.7;19.4;6.2;2.3;4.1;9;10.5
15;63.9;34.2;5.3;7.8;19.5;6.2;2.3;4.1;9.1;10.5
15;63.9;34.2;5.3;7.8;19.5;6.2;2.3;4.1;9.1;10.5
14.9;63.4;33.9;5.2;7.7;19.4;6.2;2.3;4;9;10.4
14.9;63.5;34;5.2;7.7;19.4;6.2;2.3;4.1;9;10.4
14.9;63.5;33.9;5.2;7.7;19.4;6.2;2.3;4.1;9;10.4
14.7;62.7;33.5;5.2;7.6;19.2;6.1;2.2;4;8.9;10.3
14.6;62.2;33.2;5.1;7.6;19;6.1;2.2;4;8.8;10.2
14.6;62;33.1;5.1;7.5;18.9;6;2.2;4;8.8;10.2
14.5;61.8;33.1;5.1;7.5;18.9;6;2.2;3.9;8.8;10.2
14.4;61.1;32.7;5.1;7.4;18.7;6;2.2;3.9;8.7;10
14.2;60.3;32.3;5;7.3;18.4;5.9;2.1;3.8;8.6;9.9
14.1;59.9;32.1;5;7.3;18.3;5.8;2.1;3.8;8.5;9.9
14;59.5;31.8;4.9;7.2;18.2;5.8;2.1;3.8;8.4;9.8
13.9;59;31.6;4.9;7.2;18;5.8;2.1;3.8;8.4;9.7
13.8;58.7;31.4;4.9;7.1;18;5.7;2.1;3.7;8.3;9.7
13.8;58.5;31.3;4.8;7.1;17.9;5.7;2.1;3.7;8.3;9.6
13.7;58.4;31.3;4.8;7.1;17.9;5.7;2.1;3.7;8.3;9.6
13.8;58.7;31.4;4.9;7.1;17.9;5.7;2.1;3.7;8.3;9.6
14;59.3;31.7;4.9;7.2;18.1;5.8;2.1;3.8;8.4;9.7
14.1;60;32.1;5;7.3;18.4;5.9;2.1;3.8;8.5;9.9
14.3;60.8;32.5;5;7.4;18.6;5.9;2.2;3.9;8.6;10
14.6;62;33.2;5.1;7.5;18.9;6;2.2;4;8.8;10.2
14.8;62.9;33.7;5.2;7.7;19.2;6.1;2.2;4;8.9;10.3
14.8;62.8;33.6;5.2;7.6;19.2;6.1;2.2;4;8.9;10.3
14.7;62.3;33.4;5.2;7.6;19.1;6.1;2.2;4;8.8;10.2
14.5;61.5;32.9;5.1;7.5;18.8;6;2.2;3.9;8.7;10.1
14.2;60.3;32.3;5;7.3;18.4;5.9;2.1;3.8;8.6;9.9
13.9;59.2;31.7;4.9;7.2;18.1;5.8;2.1;3.8;8.4;9.7
13.7;58.3;31.2;4.8;7.1;17.8;5.7;2.1;3.7;8.3;9.6
13.6;57.6;30.9;4.8;7;17.6;5.6;2;3.7;8.2;9.5
13.4;56.9;30.5;4.7;6.9;17.4;5.6;2;3.6;8.1;9.3
13.3;56.4;30.2;4.7;6.9;17.3;5.5;2;3.6;8;9.3
13.3;56.5;30.3;4.7;6.9;17.3;5.5;2;3.6;8;9.3
13.7;58.2;31.2;4.8;7.1;17.8;5.7;2.1;3.7;8.3;9.6
14;59.5;31.9;4.9;7.2;18.2;5.8;2.1;3.8;8.4;9.8
13.8;58.7;31.5;4.9;7.1;18;5.7;2.1;3.7;8.3;9.6
13.7;58.4;31.3;4.8;7.1;17.9;5.7;2.1;3.7;8.3;9.6
13.6;57.9;31;4.8;7.1;17.7;5.7;2.1;3.7;8.2;9.5
13.3;56.4;30.2;4.7;6.9;17.3;5.5;2;3.6;8;9.3
12.8;54.3;29.1;4.5;6.6;16.6;5.3;1.9;3.5;7.7;8.9
12.4;52.8;28.3;4.4;6.4;16.1;5.2;1.9;3.4;7.5;8.7
12.4;52.6;28.2;4.3;6.4;16.1;5.1;1.9;3.4;7.5;8.6
12.3;52.3;28;4.3;6.4;16;5.1;1.9;3.3;7.4;8.6
12.2;51.8;27.8;4.3;6.3;15.9;5.1;1.8;3.3;7.3;8.5
12.1;51.6;27.6;4.3;6.3;15.8;5;1.8;3.3;7.3;8.5
11.9;50.6;27.1;4.2;6.2;15.5;4.9;1.8;3.2;7.2;8.3
11.6;49.5;26.5;4.1;6;15.1;4.8;1.8;3.2;7;8.1
11.5;48.9;26.2;4;6;15;4.8;1.7;3.1;6.9;8
11.4;48.3;25.9;4;5.9;14.8;4.7;1.7;3.1;6.8;7.9
11.3;47.9;25.7;4;5.8;14.7;4.7;1.7;3.1;6.8;7.9
11.3;48;25.7;4;5.8;14.7;4.7;1.7;3.1;6.8;7.9
11.3;48;25.7;4;5.8;14.7;4.7;1.7;3.1;6.8;7.9
11.4;48.5;26;4;5.9;14.8;4.7;1.7;3.1;6.9;8
11.7;49.7;26.6;4.1;6;15.2;4.9;1.8;3.2;7;8.1
11.9;50.7;27.2;4.2;6.2;15.5;4.9;1.8;3.2;7.2;8.3
12.2;52;27.8;4.3;6.3;15.9;5.1;1.8;3.3;7.4;8.5
12.7;54.1;29;4.5;6.6;16.5;5.3;1.9;3.4;7.7;8.9
13.2;55.9;30;4.6;6.8;17.1;5.5;2;3.6;7.9;9.2
13.6;57.7;30.9;4.8;7;17.6;5.6;2;3.7;8.2;9.5
14;59.6;31.9;4.9;7.2;18.2;5.8;2.1;3.8;8.4;9.8
14.3;60.9;32.6;5;7.4;18.6;5.9;2.2;3.9;8.6;10
14.5;61.7;33.1;5.1;7.5;18.9;6;2.2;3.9;8.7;10.1
14.7;62.4;33.4;5.2;7.6;19.1;6.1;2.2;4;8.8;10.2
14.8;62.9;33.7;5.2;7.7;19.3;6.1;2.2;4;8.9;10.3
14.9;63.4;34;5.2;7.7;19.4;6.2;2.2;4;9;10.4
15;63.8;34.2;5.3;7.8;19.5;6.2;2.3;4.1;9;10.5
15.1;64.1;34.3;5.3;7.8;19.6;6.3;2.3;4.1;9.1;10.5
15.1;64.1;34.4;5.3;7.8;19.6;6.3;2.3;4.1;9.1;10.5
15.1;64.2;34.4;5.3;7.8;19.6;6.3;2.3;4.1;9.1;10.5
15.1;64.2;34.4;5.3;7.8;19.6;6.3;2.3;4.1;9.1;10.5
15.1;64.2;34.4;5.3;7.8;19.6;6.3;2.3;4.1;9.1;10.5
15.1;64.4;34.5;5.3;7.8;19.7;6.3;2.3;4.1;9.1;10.5
15.2;64.7;34.7;5.3;7.9;19.8;6.3;2.3;4.1;9.2;10.6
15.2;64.8;34.7;5.4;7.9;19.8;6.3;2.3;4.1;9.2;10.6
15.1;64.4;34.5;5.3;7.8;19.7;6.3;2.3;4.1;9.1;10.5
15.2;64.4;34.5;5.3;7.8;19.7;6.3;2.3;4.1;9.1;10.5
15.1;64.3;34.5;5.3;7.8;19.7;6.3;2.3;4.1;9.1;10.5
14.9;63.5;34;5.3;7.7;19.4;6.2;2.2;4.1;9;10.4
14.8;63;33.8;5.2;7.7;19.3;6.2;2.2;4;8.9;10.3
14.8;62.9;33.7;5.2;7.6;19.2;6.1;2.2;4;8.9;10.3
14.8;62.7;33.6;5.2;7.6;19.2;6.1;2.2;4;8.9;10.3
14.6;62;33.2;5.1;7.5;19;6.1;2.2;4;8.8;10.1
14.4;61.2;32.8;5.1;7.4;18.7;6;2.2;3.9;8.7;10
14.3;60.7;32.6;5;7.4;18.6;5.9;2.1;3.9;8.6;9.9
14.2;60.3;32.3;5;7.3;18.4;5.9;2.1;3.8;8.5;9.9
14.1;59.9;32.1;5;7.3;18.3;5.8;2.1;3.8;8.5;9.8
14;59.6;31.9;4.9;7.2;18.2;5.8;2.1;3.8;8.4;9.7
14;59.3;31.8;4.9;7.2;18.1;5.8;2.1;3.8;8.4;9.7
13.9;59.3;31.8;4.9;7.2;18.1;5.8;2.1;3.8;8.4;9.7
14;59.5;31.9;4.9;7.2;18.2;5.8;2.1;3.8;8.4;9.7
14.1;60.1;32.2;5;7.3;18.4;5.9;2.1;3.8;8.5;9.8
14.3;60.9;32.6;5;7.4;18.6;5.9;2.1;3.9;8.6;9.9
14.5;61.6;33.1;5.1;7.5;18.9;6;2.2;3.9;8.7;10.1
14.8;62.8;33.7;5.2;7.6;19.2;6.1;2.2;4;8.9;10.3
15;63.7;34.2;5.3;7.7;19.5;6.2;2.2;4.1;9;10.4
15;63.7;34.1;5.3;7.7;19.5;6.2;2.2;4.1;9;10.4
14.9;63.1;33.9;5.2;7.7;19.3;6.2;2.2;4;8.9;10.3
14.6;62.2;33.4;5.1;7.6;19;6.1;2.2;4;8.8;10.2
14.4;61.1;32.8;5;7.4;18.7;6;2.2;3.9;8.6;10
14.1;60;32.2;5;7.3;18.3;5.9;2.1;3.8;8.5;9.8
13.9;59;31.7;4.9;7.2;18.1;5.8;2.1;3.8;8.4;9.6
13.7;58.3;31.3;4.8;7.1;17.8;5.7;2.1;3.7;8.3;9.5
13.6;57.6;30.9;4.8;7;17.6;5.6;2;3.7;8.1;9.4
13.4;57.1;30.6;4.7;6.9;17.5;5.6;2;3.6;8.1;9.3
13.5;57.2;30.7;4.7;7;17.5;5.6;2;3.6;8.1;9.3
13.9;58.9;31.6;4.9;7.2;18;5.8;2.1;3.8;8.3;9.6
14.2;60.2;32.3;5;7.3;18.4;5.9;2.1;3.8;8.5;9.8
14;59.4;31.9;4.9;7.2;18.2;5.8;2.1;3.8;8.4;9.7
13.9;59.1;31.7;4.9;7.2;18.1;5.8;2.1;3.8;8.4;9.7
13.8;58.7;31.5;4.9;7.1;18;5.7;2.1;3.7;8.3;9.6
13.5;57.2;30.7;4.7;7;17.5;5.6;2;3.7;8.1;9.3
13;55.2;29.6;4.6;6.7;16.9;5.4;1.9;3.5;7.8;9
12.6;53.6;28.8;4.4;6.5;16.4;5.2;1.9;3.4;7.6;8.8
12.6;53.4;28.7;4.4;6.5;16.3;5.2;1.9;3.4;7.6;8.7
12.5;53;28.5;4.4;6.4;16.2;5.2;1.9;3.4;7.5;8.7
12.4;52.6;28.2;4.4;6.4;16.1;5.1;1.9;3.4;7.4;8.6
12.3;52.4;28.1;4.3;6.4;16;5.1;1.8;3.3;7.4;8.5
12.1;51.4;27.6;4.2;6.2;15.7;5;1.8;3.3;7.3;8.4
11.8;50.2;27;4.2;6.1;15.4;4.9;1.8;3.2;7.1;8.2
11.7;49.6;26.6;4.1;6;15.2;4.8;1.7;3.2;7;8.1
11.5;49;26.3;4.1;6;15;4.8;1.7;3.1;6.9;8
11.4;48.6;26.1;4;5.9;14.9;4.7;1.7;3.1;6.9;7.9
11.4;48.5;26.1;4;5.9;14.9;4.7;1.7;3.1;6.9;7.9
11.4;48.6;26.1;4;5.9;14.9;4.7;1.7;3.1;6.9;7.9
11.5;49;26.3;4.1;6;15;4.8;1.7;3.1;6.9;8
11.8;50.2;26.9;4.2;6.1;15.4;4.9;1.8;3.2;7.1;8.2
12;51.1;27.4;4.2;6.2;15.6;5;1.8;3.3;7.2;8.3
12.3;52.4;28.1;4.3;6.4;16;5.1;1.8;3.3;7.4;8.5
12.8;54.5;29.3;4.5;6.6;16.7;5.3;1.9;3.5;7.7;8.9
13.3;56.4;30.3;4.7;6.9;17.3;5.5;2;3.6;8;9.2
13.7;58.2;31.2;4.8;7.1;17.8;5.7;2;3.7;8.2;9.5
14.1;60;32.2;5;7.3;18.4;5.9;2.1;3.8;8.5;9.8
14.4;61.2;32.9;5.1;7.4;18.7;6;2.2;3.9;8.7;10
14.6;62;33.3;5.1;7.5;19;6.1;2.2;4;8.8;10.1
14.7;62.5;33.6;5.2;7.6;19.1;6.1;2.2;4;8.8;10.2
14.8;62.9;33.8;5.2;7.6;19.3;6.1;2.2;4;8.9;10.3
14.9;63.4;34;5.2;7.7;19.4;6.2;2.2;4;9;10.3
15;63.8;34.3;5.3;7.8;19.5;6.2;2.2;4.1;9;10.4
15.1;64;34.4;5.3;7.8;19.6;6.3;2.3;4.1;9;10.4
15.1;64.1;34.4;5.3;7.8;19.6;6.3;2.3;4.1;9.1;10.4
15.1;64.1;34.4;5.3;7.8;19.6;6.3;2.3;4.1;9.1;10.4
15.1;64.1;34.4;5.3;7.8;19.6;6.3;2.3;4.1;9.1;10.5
15.1;64.2;34.5;5.3;7.8;19.6;6.3;2.3;4.1;9.1;10.5
15.1;64.3;34.5;5.3;7.8;19.7;6.3;2.3;4.1;9.1;10.5
15.2;64.6;34.7;5.3;7.8;19.8;6.3;2.3;4.1;9.1;10.5
15.2;64.6;34.7;5.3;7.8;19.8;6.3;2.3;4.1;9.1;10.5
15.1;64.1;34.5;5.3;7.8;19.6;6.3;2.3;4.1;9.1;10.4
15.1;64.2;34.5;5.3;7.8;19.7;6.3;2.3;4.1;9.1;10.5
15.1;64.2;34.5;5.3;7.8;19.6;6.3;2.3;4.1;9.1;10.5
14.9;63.3;34;5.2;7.7;19.4;6.2;2.2;4;9;10.3
14.8;62.8;33.7;5.2;7.6;19.2;6.1;2.2;4;8.9;10.2
14.7;62.6;33.6;5.2;7.6;19.2;6.1;2.2;4;8.8;10.2
14.7;62.4;33.5;5.2;7.6;19.1;6.1;2.2;4;8.8;10.2
14.5;61.7;33.2;5.1;7.5;18.9;6;2.2;3.9;8.7;10.1
14.3;60.9;32.7;5;7.4;18.6;5.9;2.1;3.9;8.6;9.9
14.2;60.5;32.5;5;7.3;18.5;5.9;2.1;3.9;8.5;9.8
14.1;60;32.2;5;7.3;18.4;5.9;2.1;3.8;8.5;9.8
14;59.6;32;4.9;7.2;18.2;5.8;2.1;3.8;8.4;9.7
13.9;59.3;31.8;4.9;7.2;18.1;5.8;2.1;3.8;8.4;9.6
13.9;59;31.7;4.9;7.2;18.1;5.8;2.1;3.8;8.3;9.6
13.9;59;31.7;4.9;7.2;18.1;5.8;2.1;3.8;8.3;9.6
14;59.3;31.9;4.9;7.2;18.2;5.8;2.1;3.8;8.4;9.7
14.1;59.9;32.2;5;7.3;18.3;5.9;2.1;3.8;8.5;9.7
14.3;60.6;32.6;5;7.4;18.6;5.9;2.1;3.9;8.6;9.9
14.4;61.4;33;5.1;7.5;18.8;6;2.2;3.9;8.7;10
14.7;62.6;33.6;5.2;7.6;19.2;6.1;2.2;4;8.8;10.2
14.9;63.5;34.1;5.2;7.7;19.4;6.2;2.2;4;9;10.3
14.9;63.4;34.1;5.2;7.7;19.4;6.2;2.2;4;9;10.3
14.8;62.9;33.8;5.2;7.6;19.3;6.1;2.2;4;8.9;10.2
14.6;62;33.3;5.1;7.5;19;6.1;2.2;4;8.8;10.1
14.3;60.9;32.7;5;7.4;18.7;5.9;2.1;3.9;8.6;9.9
14.1;59.8;32.2;4.9;7.3;18.3;5.8;2.1;3.8;8.5;9.7
13.9;58.9;31.7;4.9;7.2;18.1;5.8;2.1;3.8;8.3;9.6
13.7;58.2;31.3;4.8;7.1;17.8;5.7;2;3.7;8.2;9.5
13.5;57.5;30.9;4.8;7;17.6;5.6;2;3.7;8.1;9.4
13.4;57;30.6;4.7;6.9;17.5;5.6;2;3.6;8.1;9.3
13.4;57.1;30.7;4.7;6.9;17.5;5.6;2;3.6;8.1;9.3
13.9;58.9;31.6;4.9;7.1;18;5.8;2.1;3.8;8.3;9.6
14.2;60.2;32.4;5;7.3;18.5;5.9;2.1;3.8;8.5;9.8
14;59.5;32;4.9;7.2;18.2;5.8;2.1;3.8;8.4;9.7
13.9;59.2;31.8;4.9;7.2;18.1;5.8;2.1;3.8;8.4;9.6
13.8;58.8;31.6;4.9;7.1;18;5.7;2.1;3.7;8.3;9.6
13.5;57.3;30.8;4.7;7;17.6;5.6;2;3.7;8.1;9.3
13;55.2;29.7;4.6;6.7;16.9;5.4;1.9;3.5;7.8;9
12.6;53.7;28.8;4.4;6.5;16.4;5.2;1.9;3.4;7.6;8.7
12.6;53.5;28.7;4.4;6.5;16.4;5.2;1.9;3.4;7.5;8.7
12.5;53.1;28.5;4.4;6.4;16.3;5.2;1.9;3.4;7.5;8.6
12.4;52.6;28.3;4.4;6.4;16.1;5.1;1.8;3.4;7.4;8.6
12.3;52.3;28.1;4.3;6.4;16;5.1;1.8;3.3;7.4;8.5
12.1;51.3;27.6;4.2;6.2;15.7;5;1.8;3.3;7.3;8.3
11.8;50.2;27;4.2;6.1;15.4;4.9;1.8;3.2;7.1;8.2
11.7;49.6;26.7;4.1;6;15.2;4.9;1.7;3.2;7;8.1
11.5;49;26.4;4.1;6;15;4.8;1.7;3.1;6.9;8
11.4;48.6;26.1;4;5.9;14.9;4.7;1.7;3.1;6.9;7.9
11.4;48.6;26.1;4;5.9;14.9;4.7;1.7;3.1;6.9;7.9
11.4;48.6;26.1;4;5.9;14.9;4.8;1.7;3.1;6.9;7.9
11.5;49.1;26.4;4.1;6;15;4.8;1.7;3.1;6.9;8
11.8;50.2;27;4.2;6.1;15.4;4.9;1.8;3.2;7.1;8.2
12;51.1;27.5;4.2;6.2;15.7;5;1.8;3.3;7.2;8.3
12.3;52.3;28.1;4.3;6.4;16;5.1;1.8;3.3;7.4;8.5
12.8;54.4;29.2;4.5;6.6;16.7;5.3;1.9;3.5;7.7;8.8
13.2;56.2;30.2;4.6;6.8;17.2;5.5;2;3.6;7.9;9.1
13.6;57.9;31.1;4.8;7;17.7;5.7;2;3.7;8.2;9.4
14;59.7;32.1;4.9;7.2;18.3;5.8;2.1;3.8;8.4;9.7
14.3;60.9;32.7;5;7.4;18.7;5.9;2.1;3.9;8.6;9.9
14.5;61.6;33.1;5.1;7.5;18.9;6;2.2;3.9;8.7;10
14.6;62.2;33.4;5.1;7.5;19.1;6.1;2.2;4;8.8;10.1
14.7;62.6;33.7;5.2;7.6;19.2;6.1;2.2;4;8.8;10.2
14.9;63.1;34;5.2;7.7;19.4;6.2;2.2;4;8.9;10.3
15;63.6;34.2;5.3;7.7;19.5;6.2;2.2;4.1;9;10.3
15;63.9;34.4;5.3;7.8;19.6;6.2;2.2;4.1;9;10.4
15;63.9;34.4;5.3;7.8;19.6;6.2;2.2;4.1;9;10.4
15;63.9;34.4;5.3;7.8;19.6;6.2;2.2;4.1;9;10.4
15.1;64;34.4;5.3;7.8;19.6;6.3;2.2;4.1;9;10.4
15.1;64;34.4;5.3;7.8;19.6;6.3;2.2;4.1;9;10.4
15.1;64.1;34.5;5.3;7.8;19.6;6.3;2.2;4.1;9;10.4
15.1;64.3;34.6;5.3;7.8;19.7;6.3;2.3;4.1;9.1;10.4
15.1;64.3;34.6;5.3;7.8;19.7;6.3;2.3;4.1;9.1;10.4
15;63.9;34.4;5.3;7.8;19.6;6.2;2.2;4.1;9;10.4
15.1;64;34.5;5.3;7.8;19.6;6.3;2.2;4.1;9;10.4
15.1;64;34.4;5.3;7.8;19.6;6.3;2.2;4.1;9;10.4
14.8;63;33.9;5.2;7.6;19.3;6.2;2.2;4;8.9;10.2
14.7;62.3;33.5;5.2;7.6;19.1;6.1;2.2;4;8.8;10.1
14.6;61.9;33.3;5.1;7.5;19;6.1;2.2;3.9;8.7;10.1
14.5;61.7;33.2;5.1;7.5;18.9;6;2.2;3.9;8.7;10
14.3;60.9;32.8;5;7.4;18.7;6;2.1;3.9;8.6;9.9
14.1;60;32.3;5;7.3;18.4;5.9;2.1;3.8;8.5;9.7
14;59.6;32.1;4.9;7.2;18.3;5.8;2.1;3.8;8.4;9.7
13.9;59.1;31.8;4.9;7.2;18.1;5.8;2.1;3.8;8.3;9.6
13.8;58.5;31.5;4.8;7.1;18;5.7;2.1;3.7;8.3;9.5
13.7;58.1;31.3;4.8;7.1;17.8;5.7;2;3.7;8.2;9.4
13.6;57.9;31.1;4.8;7;17.8;5.7;2;3.7;8.2;9.4
13.6;57.9;31.1;4.8;7;17.8;5.7;2;3.7;8.2;9.4
13.7;58.2;31.3;4.8;7.1;17.9;5.7;2;3.7;8.2;9.4
13.8;58.8;31.7;4.9;7.1;18.1;5.8;2.1;3.8;8.3;9.5
14;59.6;32.1;4.9;7.2;18.3;5.8;2.1;3.8;8.4;9.7
14.2;60.2;32.4;5;7.3;18.5;5.9;2.1;3.8;8.5;9.8
14.4;61.1;32.9;5.1;7.4;18.7;6;2.1;3.9;8.6;9.9
14.5;61.7;33.2;5.1;7.5;18.9;6;2.2;3.9;8.7;10
14.5;61.6;33.2;5.1;7.5;18.9;6;2.2;3.9;8.7;10
14.4;61.2;33;5.1;7.4;18.8;6;2.1;3.9;8.6;9.9
14.2;60.5;32.6;5;7.3;18.6;5.9;2.1;3.9;8.5;9.8
14;59.5;32;4.9;7.2;18.3;5.8;2.1;3.8;8.4;9.7
13.8;58.6;31.5;4.8;7.1;18;5.7;2.1;3.7;8.3;9.5
13.6;57.9;31.1;4.8;7;17.8;5.7;2;3.7;8.2;9.4
13.5;57.2;30.8;4.7;6.9;17.6;5.6;2;3.7;8.1;9.3
13.3;56.6;30.5;4.7;6.9;17.4;5.5;2;3.6;8;9.2
13.2;56.3;30.3;4.7;6.8;17.3;5.5;2;3.6;7.9;9.1
13.3;56.5;30.4;4.7;6.9;17.3;5.5;2;3.6;8;9.2
13.7;58.3;31.4;4.8;7.1;17.9;5.7;2;3.7;8.2;9.5
14.1;59.8;32.2;4.9;7.2;18.3;5.8;2.1;3.8;8.4;9.7
13.9;59;31.8;4.9;7.2;18.1;5.8;2.1;3.8;8.3;9.6
13.8;58.7;31.6;4.9;7.1;18;5.7;2.1;3.7;8.3;9.5
13.7;58.2;31.3;4.8;7.1;17.9;5.7;2;3.7;8.2;9.4
13.3;56.6;30.5;4.7;6.9;17.4;5.5;2;3.6;8;9.2
12.8;54.4;29.3;4.5;6.6;16.7;5.3;1.9;3.5;7.7;8.8
12.4;52.7;28.4;4.4;6.4;16.2;5.2;1.8;3.4;7.4;8.6
12.3;52.4;28.2;4.3;6.4;16.1;5.1;1.8;3.3;7.4;8.5
12.2;51.9;28;4.3;6.3;15.9;5.1;1.8;3.3;7.3;8.4
12.1;51.4;27.7;4.2;6.2;15.8;5;1.8;3.3;7.2;8.3
12;50.9;27.4;4.2;6.2;15.6;5;1.8;3.2;7.2;8.3
11.7;49.8;26.8;4.1;6;15.3;4.9;1.7;3.2;7;8.1
11.4;48.6;26.2;4;5.9;14.9;4.8;1.7;3.1;6.9;7.9
11.3;47.9;25.8;4;5.8;14.7;4.7;1.7;3.1;6.8;7.8
11.1;47.2;25.4;3.9;5.7;14.5;4.6;1.7;3;6.7;7.6
11;46.6;25.1;3.9;5.6;14.3;4.6;1.6;3;6.6;7.5
10.9;46.4;25;3.8;5.6;14.2;4.5;1.6;3;6.5;7.5
10.9;46.1;24.8;3.8;5.6;14.2;4.5;1.6;2.9;6.5;7.5
10.9;46.2;24.9;3.8;5.6;14.2;4.5;1.6;2.9;6.5;7.5
11;46.6;25.1;3.9;5.7;14.3;4.6;1.6;3;6.6;7.6
11;46.9;25.3;3.9;5.7;14.4;4.6;1.6;3;6.6;7.6
11.1;47.3;25.5;3.9;5.7;14.5;4.6;1.7;3;6.7;7.7
11.3;48;25.8;4;5.8;14.7;4.7;1.7;3.1;6.8;7.8
11.4;48.4;26.1;4;5.9;14.9;4.7;1.7;3.1;6.8;7.8
11.5;49;26.4;4;5.9;15;4.8;1.7;3.1;6.9;7.9
11.7;49.7;26.8;4.1;6;15.3;4.9;1.7;3.2;7;8.1
11.9;50.4;27.2;4.2;6.1;15.5;4.9;1.8;3.2;7.1;8.2
12;51.2;27.6;4.2;6.2;15.7;5;1.8;3.3;7.2;8.3
12.3;52.1;28.1;4.3;6.3;16;5.1;1.8;3.3;7.4;8.4
12.5;53.1;28.6;4.4;6.4;16.3;5.2;1.9;3.4;7.5;8.6
12.7;54.1;29.1;4.5;6.6;16.6;5.3;1.9;3.4;7.6;8.8
13;55.1;29.7;4.6;6.7;16.9;5.4;1.9;3.5;7.8;8.9
13.1;55.7;30;4.6;6.7;17.1;5.4;1.9;3.6;7.9;9
13.2;56.1;30.2;4.6;6.8;17.2;5.5;2;3.6;7.9;9.1
13.3;56.4;30.4;4.7;6.8;17.3;5.5;2;3.6;8;9.1
13.3;56.5;30.4;4.7;6.8;17.3;5.5;2;3.6;8;9.1
13.3;56.5;30.4;4.7;6.8;17.4;5.5;2;3.6;8;9.2
13.3;56.7;30.6;4.7;6.9;17.4;5.5;2;3.6;8;9.2
13.4;57.1;30.7;4.7;6.9;17.5;5.6;2;3.6;8.1;9.2
13.5;57.4;31;4.7;7;17.6;5.6;2;3.7;8.1;9.3
13.6;57.8;31.1;4.8;7;17.8;5.6;2;3.7;8.2;9.4
13.7;58.4;31.5;4.8;7.1;17.9;5.7;2;3.7;8.2;9.5
13.7;58.4;31.5;4.8;7.1;17.9;5.7;2;3.7;8.2;9.5
13.4;57.1;30.8;4.7;6.9;17.5;5.6;2;3.6;8.1;9.2
13.2;56;30.2;4.6;6.8;17.2;5.5;2;3.6;7.9;9.1
13;55.4;29.9;4.6;6.7;17;5.4;1.9;3.5;7.8;9
13;55.1;29.7;4.6;6.7;16.9;5.4;1.9;3.5;7.8;8.9
12.8;54.3;29.2;4.5;6.6;16.7;5.3;1.9;3.5;7.7;8.8
12.6;53.4;28.8;4.4;6.5;16.4;5.2;1.9;3.4;7.5;8.6
12.5;53;28.6;4.4;6.4;16.3;5.2;1.9;3.4;7.5;8.6
12.3;52.5;28.3;4.3;6.4;16.1;5.1;1.8;3.3;7.4;8.5
12.2;51.9;28;4.3;6.3;16;5.1;1.8;3.3;7.3;8.4
12.2;51.6;27.8;4.3;6.3;15.9;5;1.8;3.3;7.3;8.4
12.1;51.4;27.7;4.3;6.2;15.8;5;1.8;3.3;7.3;8.3
12.1;51.5;27.8;4.3;6.2;15.8;5;1.8;3.3;7.3;8.3
12.2;52;28;4.3;6.3;16;5.1;1.8;3.3;7.3;8.4
12.4;52.7;28.4;4.4;6.4;16.2;5.2;1.8;3.4;7.4;8.5
12.6;53.6;28.9;4.4;6.5;16.5;5.2;1.9;3.4;7.6;8.7
12.8;54.4;29.3;4.5;6.6;16.7;5.3;1.9;3.5;7.7;8.8
13;55.3;29.8;4.6;6.7;17;5.4;1.9;3.5;7.8;9
13.2;56.1;30.3;4.6;6.8;17.3;5.5;2;3.6;7.9;9.1
13.3;56.4;30.4;4.7;6.8;17.3;5.5;2;3.6;8;9.1
13.2;56.2;30.3;4.6;6.8;17.3;5.5;2;3.6;7.9;9.1
13.1;55.7;30;4.6;6.7;17.1;5.4;1.9;3.6;7.9;9
12.9;54.9;29.6;4.5;6.6;16.9;5.4;1.9;3.5;7.7;8.9
12.8;54.2;29.2;4.5;6.6;16.7;5.3;1.9;3.5;7.6;8.8
12.6;53.7;29;4.4;6.5;16.5;5.2;1.9;3.4;7.6;8.7
12.5;53.3;28.7;4.4;6.5;16.4;5.2;1.9;3.4;7.5;8.6
12.4;52.9;28.5;4.4;6.4;16.3;5.2;1.8;3.4;7.5;8.6
12.4;52.7;28.4;4.4;6.4;16.2;5.2;1.8;3.4;7.4;8.5
12.5;53.3;28.7;4.4;6.5;16.4;5.2;1.9;3.4;7.5;8.6
13;55.3;29.8;4.6;6.7;17;5.4;1.9;3.5;7.8;9
13.4;57;30.7;4.7;6.9;17.5;5.6;2;3.6;8;9.2
13.3;56.6;30.5;4.7;6.9;17.4;5.5;2;3.6;8;9.2
13.2;56.3;30.3;4.6;6.8;17.3;5.5;2;3.6;7.9;9.1
13.1;55.7;30.1;4.6;6.7;17.1;5.4;1.9;3.6;7.9;9
12.8;54.4;29.3;4.5;6.6;16.7;5.3;1.9;3.5;7.7;8.8
12.3;52.4;28.3;4.3;6.3;16.1;5.1;1.8;3.3;7.4;8.5
12;50.9;27.4;4.2;6.2;15.6;5;1.8;3.2;7.2;8.2
11.9;50.6;27.3;4.2;6.1;15.6;4.9;1.8;3.2;7.1;8.2
11.8;50.1;27;4.1;6.1;15.4;4.9;1.8;3.2;7.1;8.1
11.7;49.5;26.7;4.1;6;15.2;4.8;1.7;3.2;7;8
11.5;49.1;26.5;4.1;5.9;15.1;4.8;1.7;3.1;6.9;7.9
11.3;47.9;25.8;4;5.8;14.7;4.7;1.7;3.1;6.8;7.7
11;46.7;25.2;3.9;5.7;14.4;4.6;1.6;3;6.6;7.5
10.8;45.9;24.8;3.8;5.6;14.1;4.5;1.6;2.9;6.5;7.4
10.6;45.1;24.3;3.7;5.5;13.9;4.4;1.6;2.9;6.4;7.3
10.5;44.5;24;3.7;5.4;13.7;4.3;1.6;2.8;6.3;7.2
10.4;44.1;23.8;3.6;5.3;13.6;4.3;1.5;2.8;6.2;7.1
10.3;43.8;23.6;3.6;5.3;13.5;4.3;1.5;2.8;6.2;7.1
10.3;43.7;23.6;3.6;5.3;13.4;4.3;1.5;2.8;6.2;7.1
10.3;43.9;23.7;3.6;5.3;13.5;4.3;1.5;2.8;6.2;7.1
10.3;43.9;23.7;3.6;5.3;13.5;4.3;1.5;2.8;6.2;7.1
10.4;44;23.7;3.6;5.3;13.5;4.3;1.5;2.8;6.2;7.1
10.4;44.3;23.9;3.7;5.4;13.6;4.3;1.5;2.8;6.3;7.2
10.5;44.5;24;3.7;5.4;13.7;4.3;1.6;2.8;6.3;7.2
10.5;44.6;24.1;3.7;5.4;13.7;4.4;1.6;2.9;6.3;7.2
10.6;45.1;24.3;3.7;5.5;13.9;4.4;1.6;2.9;6.4;7.3
10.7;45.4;24.5;3.8;5.5;14;4.4;1.6;2.9;6.4;7.3
10.8;45.9;24.8;3.8;5.6;14.1;4.5;1.6;2.9;6.5;7.4
11;46.7;25.2;3.9;5.7;14.4;4.6;1.6;3;6.6;7.5
11.2;47.5;25.6;3.9;5.8;14.6;4.6;1.7;3;6.7;7.7
11.4;48.5;26.1;4;5.9;14.9;4.7;1.7;3.1;6.8;7.8
11.6;49.5;26.7;4.1;6;15.2;4.8;1.7;3.2;7;8
11.8;50.3;27.1;4.2;6.1;15.5;4.9;1.8;3.2;7.1;8.1
12;51;27.5;4.2;6.2;15.7;5;1.8;3.3;7.2;8.2
12.2;51.6;27.9;4.3;6.3;15.9;5;1.8;3.3;7.3;8.3
12.3;52.1;28.1;4.3;6.3;16;5.1;1.8;3.3;7.4;8.4
12.3;52.4;28.3;4.3;6.3;16.1;5.1;1.8;3.3;7.4;8.5
12.4;52.9;28.5;4.4;6.4;16.3;5.2;1.8;3.4;7.5;8.5
12.5;53.3;28.8;4.4;6.5;16.4;5.2;1.9;3.4;7.5;8.6
12.7;53.8;29;4.4;6.5;16.6;5.3;1.9;3.4;7.6;8.7
12.8;54.3;29.3;4.5;6.6;16.7;5.3;1.9;3.5;7.7;8.8
12.9;55;29.7;4.5;6.7;16.9;5.4;1.9;3.5;7.8;8.9
12.9;54.9;29.6;4.5;6.6;16.9;5.4;1.9;3.5;7.7;8.9
12.6;53.4;28.8;4.4;6.5;16.5;5.2;1.9;3.4;7.5;8.6
12.3;52.1;28.1;4.3;6.3;16.1;5.1;1.8;3.3;7.4;8.4
12.1;51.3;27.7;4.2;6.2;15.8;5;1.8;3.3;7.2;8.3
12;50.8;27.4;4.2;6.1;15.6;5;1.8;3.2;7.2;8.2
11.7;49.9;26.9;4.1;6;15.4;4.9;1.7;3.2;7;8.1
11.5;49.1;26.5;4.1;5.9;15.1;4.8;1.7;3.1;6.9;7.9
11.5;48.7;26.3;4;5.9;15;4.8;1.7;3.1;6.9;7.9
11.3;48.2;26;4;5.8;14.9;4.7;1.7;3.1;6.8;7.8
11.2;47.8;25.8;3.9;5.8;14.7;4.7;1.7;3.1;6.7;7.7
11.2;47.6;25.7;3.9;5.8;14.6;4.6;1.7;3;6.7;7.7
11.2;47.4;25.6;3.9;5.7;14.6;4.6;1.7;3;6.7;7.7
11.2;47.6;25.7;3.9;5.8;14.7;4.6;1.7;3;6.7;7.7
11.3;48.2;26;4;5.8;14.8;4.7;1.7;3.1;6.8;7.8
11.5;49.1;26.5;4;5.9;15.1;4.8;1.7;3.1;6.9;7.9
11.8;50.1;27;4.1;6.1;15.4;4.9;1.7;3.2;7.1;8.1
12;51.2;27.6;4.2;6.2;15.8;5;1.8;3.3;7.2;8.3
12.4;52.5;28.3;4.3;6.4;16.2;5.1;1.8;3.4;7.4;8.5
12.6;53.7;29;4.4;6.5;16.5;5.2;1.9;3.4;7.6;8.7
12.8;54.3;29.3;4.5;6.6;16.7;5.3;1.9;3.5;7.7;8.8
12.8;54.6;29.5;4.5;6.6;16.8;5.3;1.9;3.5;7.7;8.8
12.8;54.5;29.4;4.5;6.6;16.8;5.3;1.9;3.5;7.7;8.8
12.7;54;29.2;4.5;6.5;16.7;5.3;1.9;3.5;7.6;8.7
12.6;53.7;29;4.4;6.5;16.6;5.2;1.9;3.4;7.6;8.7
12.6;53.4;28.8;4.4;6.5;16.5;5.2;1.9;3.4;7.5;8.6
12.5;53;28.6;4.4;6.4;16.3;5.2;1.9;3.4;7.5;8.6
12.4;52.6;28.4;4.3;6.4;16.2;5.1;1.8;3.4;7.4;8.5
12.3;52.4;28.3;4.3;6.3;16.1;5.1;1.8;3.3;7.4;8.5
12.4;52.7;28.5;4.4;6.4;16.3;5.2;1.8;3.4;7.4;8.5
12.8;54.6;29.5;4.5;6.6;16.8;5.3;1.9;3.5;7.7;8.8
13.2;56;30.2;4.6;6.8;17.3;5.5;2;3.6;7.9;9.1
13;55.4;29.9;4.6;6.7;17.1;5.4;1.9;3.5;7.8;9
13;55.2;29.8;4.6;6.7;17;5.4;1.9;3.5;7.8;8.9
12.9;54.9;29.6;4.5;6.6;16.9;5.4;1.9;3.5;7.8;8.9
12.6;53.6;28.9;4.4;6.5;16.5;5.2;1.9;3.4;7.6;8.7
12.2;51.7;27.9;4.3;6.3;15.9;5.1;1.8;3.3;7.3;8.4
11.8;50.3;27.1;4.1;6.1;15.5;4.9;1.8;3.2;7.1;8.1
11.8;50.1;27;4.1;6.1;15.4;4.9;1.8;3.2;7.1;8.1
11.7;49.7;26.8;4.1;6;15.3;4.9;1.7;3.2;7;8
11.6;49.3;26.6;4.1;6;15.2;4.8;1.7;3.1;7;8
11.5;49;26.5;4;5.9;15.1;4.8;1.7;3.1;6.9;7.9
11.3;48.1;25.9;4;5.8;14.8;4.7;1.7;3.1;6.8;7.8
11;47;25.3;3.9;5.7;14.5;4.6;1.6;3;6.6;7.6
10.9;46.4;25;3.8;5.6;14.3;4.5;1.6;3;6.6;7.5
10.8;45.8;24.7;3.8;5.5;14.1;4.5;1.6;2.9;6.5;7.4
10.7;45.4;24.5;3.7;5.5;14;4.4;1.6;2.9;6.4;7.3
10.7;45.5;24.6;3.8;5.5;14;4.4;1.6;2.9;6.4;7.4
10.8;45.7;24.7;3.8;5.5;14.1;4.5;1.6;2.9;6.5;7.4
10.9;46.3;25;3.8;5.6;14.3;4.5;1.6;3;6.5;7.5
11.2;47.6;25.7;3.9;5.8;14.7;4.7;1.7;3;6.7;7.7
11.5;48.7;26.3;4;5.9;15;4.8;1.7;3.1;6.9;7.9
11.8;50.1;27.1;4.1;6.1;15.5;4.9;1.8;3.2;7.1;8.1
12.3;52.3;28.2;4.3;6.3;16.1;5.1;1.8;3.3;7.4;8.4
12.8;54.2;29.3;4.5;6.6;16.7;5.3;1.9;3.5;7.7;8.8
13.2;56;30.2;4.6;6.8;17.3;5.5;2;3.6;7.9;9
13.6;57.8;31.2;4.8;7;17.8;5.6;2;3.7;8.2;9.3
13.9;59.1;31.9;4.9;7.1;18.2;5.8;2.1;3.8;8.3;9.5
14.1;60;32.4;4.9;7.2;18.5;5.9;2.1;3.8;8.5;9.7
14.3;60.6;32.7;5;7.3;18.7;5.9;2.1;3.9;8.6;9.8
14.4;61.3;33.1;5;7.4;18.9;6;2.1;3.9;8.7;9.9
14.5;61.8;33.4;5.1;7.5;19.1;6;2.2;4;8.7;10
14.7;62.4;33.7;5.1;7.5;19.2;6.1;2.2;4;8.8;10.1
14.7;62.7;33.8;5.2;7.6;19.3;6.1;2.2;4;8.9;10.1
14.8;62.8;33.9;5.2;7.6;19.4;6.1;2.2;4;8.9;10.1
14.8;62.9;34;5.2;7.6;19.4;6.1;2.2;4;8.9;10.2
14.8;63;34;5.2;7.6;19.4;6.2;2.2;4;8.9;10.2
14.9;63.1;34.1;5.2;7.6;19.5;6.2;2.2;4;8.9;10.2
14.9;63.3;34.2;5.2;7.7;19.5;6.2;2.2;4;8.9;10.2
15;63.7;34.4;5.2;7.7;19.7;6.2;2.2;4.1;9;10.3
15;63.8;34.5;5.3;7.7;19.7;6.2;2.2;4.1;9;10.3
14.9;63.5;34.3;5.2;7.7;19.6;6.2;2.2;4.1;9;10.3
15;63.7;34.4;5.2;7.7;19.7;6.2;2.2;4.1;9;10.3
15;63.7;34.4;5.3;7.7;19.7;6.2;2.2;4.1;9;10.3
14.8;63;34;5.2;7.6;19.4;6.1;2.2;4;8.9;10.2
14.7;62.4;33.7;5.1;7.5;19.3;6.1;2.2;4;8.8;10.1
14.6;62.2;33.6;5.1;7.5;19.2;6.1;2.2;4;8.8;10.1
14.6;62.1;33.5;5.1;7.5;19.2;6.1;2.2;4;8.8;10
14.4;61.3;33.1;5.1;7.4;18.9;6;2.1;3.9;8.7;9.9
14.2;60.5;32.7;5;7.3;18.7;5.9;2.1;3.9;8.5;9.8
14.1;60.1;32.5;5;7.3;18.6;5.9;2.1;3.8;8.5;9.7
14;59.7;32.2;4.9;7.2;18.4;5.8;2.1;3.8;8.4;9.6
13.9;59.2;32;4.9;7.2;18.3;5.8;2.1;3.8;8.4;9.6
13.8;58.9;31.8;4.9;7.1;18.2;5.7;2.1;3.8;8.3;9.5
13.8;58.6;31.7;4.8;7.1;18.1;5.7;2;3.8;8.3;9.5
13.8;58.6;31.6;4.8;7.1;18.1;5.7;2;3.7;8.3;9.5
13.8;58.8;31.8;4.8;7.1;18.2;5.7;2.1;3.8;8.3;9.5
14;59.4;32.1;4.9;7.2;18.4;5.8;2.1;3.8;8.4;9.6
14.2;60.2;32.5;5;7.3;18.6;5.9;2.1;3.9;8.5;9.7
14.3;61;33;5;7.4;18.8;6;2.1;3.9;8.6;9.9
14.6;62.3;33.6;5.1;7.5;19.2;6.1;2.2;4;8.8;10.1
14.9;63.2;34.2;5.2;7.6;19.5;6.2;2.2;4;8.9;10.2
14.9;63.3;34.2;5.2;7.6;19.5;6.2;2.2;4;8.9;10.2
14.8;62.8;33.9;5.2;7.6;19.4;6.1;2.2;4;8.9;10.1
14.6;61.9;33.4;5.1;7.5;19.1;6;2.2;4;8.8;10
14.3;60.8;32.8;5;7.3;18.8;5.9;2.1;3.9;8.6;9.8
14;59.7;32.2;4.9;7.2;18.4;5.8;2.1;3.8;8.4;9.6
13.8;58.8;31.7;4.8;7.1;18.2;5.7;2.1;3.8;8.3;9.5
13.6;58;31.3;4.8;7;17.9;5.7;2;3.7;8.2;9.4
13.5;57.2;30.9;4.7;6.9;17.7;5.6;2;3.7;8.1;9.2
13.3;56.7;30.6;4.7;6.9;17.5;5.5;2;3.6;8;9.2
13.4;56.9;30.7;4.7;6.9;17.6;5.6;2;3.6;8;9.2
13.8;58.7;31.7;4.8;7.1;18.1;5.7;2.1;3.8;8.3;9.5
14.1;60;32.4;4.9;7.3;18.6;5.9;2.1;3.8;8.5;9.7
13.9;59.2;32;4.9;7.2;18.3;5.8;2.1;3.8;8.4;9.6
13.8;58.9;31.8;4.8;7.1;18.2;5.7;2.1;3.8;8.3;9.5
13.7;58.4;31.6;4.8;7.1;18.1;5.7;2;3.7;8.3;9.4
13.4;56.9;30.7;4.7;6.9;17.6;5.6;2;3.6;8;9.2
12.9;54.8;29.6;4.5;6.6;16.9;5.4;1.9;3.5;7.7;8.9
12.5;53.3;28.8;4.4;6.4;16.5;5.2;1.9;3.4;7.5;8.6
12.5;53;28.7;4.4;6.4;16.4;5.2;1.9;3.4;7.5;8.6
12.4;52.7;28.4;4.3;6.4;16.3;5.1;1.8;3.4;7.4;8.5
12.3;52.3;28.2;4.3;6.3;16.2;5.1;1.8;3.3;7.4;8.4
12.2;52;28.1;4.3;6.3;16.1;5.1;1.8;3.3;7.4;8.4
12;51;27.6;4.2;6.2;15.8;5;1.8;3.3;7.2;8.2
11.7;49.9;27;4.1;6;15.4;4.9;1.7;3.2;7.1;8.1
11.6;49.3;26.7;4.1;6;15.3;4.8;1.7;3.2;7;8
11.5;48.7;26.3;4;5.9;15.1;4.8;1.7;3.1;6.9;7.9
11.4;48.3;26.1;4;5.8;15;4.7;1.7;3.1;6.8;7.8
11.4;48.3;26.1;4;5.8;15;4.7;1.7;3.1;6.8;7.8
11.4;48.4;26.2;4;5.8;15;4.7;1.7;3.1;6.8;7.8
11.5;49;26.4;4;5.9;15.1;4.8;1.7;3.1;6.9;7.9
11.8;50.2;27.1;4.1;6.1;15.5;4.9;1.8;3.2;7.1;8.1
12;51.1;27.6;4.2;6.2;15.8;5;1.8;3.3;7.2;8.3
12.3;52.5;28.3;4.3;6.3;16.2;5.1;1.8;3.4;7.4;8.5
12.9;54.7;29.5;4.5;6.6;16.9;5.3;1.9;3.5;7.7;8.8
13.3;56.6;30.6;4.7;6.8;17.5;5.5;2;3.6;8;9.1
13.7;58.5;31.6;4.8;7.1;18.1;5.7;2;3.7;8.3;9.4
14.2;60.4;32.6;5;7.3;18.7;5.9;2.1;3.9;8.5;9.7
14.5;61.6;33.3;5.1;7.4;19.1;6;2.2;3.9;8.7;9.9
14.7;62.4;33.7;5.1;7.5;19.3;6.1;2.2;4;8.8;10.1
14.8;63;34;5.2;7.6;19.5;6.1;2.2;4;8.9;10.2
14.9;63.4;34.3;5.2;7.7;19.6;6.2;2.2;4.1;9;10.2
15;63.9;34.5;5.3;7.7;19.8;6.2;2.2;4.1;9;10.3
15.1;64.3;34.7;5.3;7.8;19.9;6.3;2.2;4.1;9.1;10.4
15.2;64.5;34.8;5.3;7.8;20;6.3;2.3;4.1;9.1;10.4
15.2;64.5;34.9;5.3;7.8;20;6.3;2.3;4.1;9.1;10.4
15.2;64.5;34.9;5.3;7.8;20;6.3;2.3;4.1;9.1;10.4
15.2;64.6;34.9;5.3;7.8;20;6.3;2.3;4.1;9.1;10.4
15.2;64.6;34.9;5.3;7.8;20;6.3;2.3;4.1;9.1;10.4
15.2;64.8;35;5.3;7.8;20.1;6.3;2.3;4.1;9.2;10.5
15.3;65.1;35.2;5.3;7.9;20.1;6.4;2.3;4.2;9.2;10.5
15.3;65.1;35.2;5.4;7.9;20.2;6.4;2.3;4.2;9.2;10.5
15.2;64.6;34.9;5.3;7.8;20;6.3;2.3;4.1;9.1;10.4
15.2;64.7;34.9;5.3;7.8;20;6.3;2.3;4.1;9.2;10.4
15.2;64.6;34.9;5.3;7.8;20;6.3;2.3;4.1;9.1;10.4
15;63.8;34.5;5.2;7.7;19.8;6.2;2.2;4.1;9;10.3
14.9;63.3;34.2;5.2;7.6;19.6;6.2;2.2;4.1;9;10.2
14.8;63.1;34.1;5.2;7.6;19.5;6.2;2.2;4;8.9;10.2
14.8;63;34;5.2;7.6;19.5;6.1;2.2;4;8.9;10.2
14.6;62.2;33.6;5.1;7.5;19.3;6.1;2.2;4;8.8;10.1
14.4;61.4;33.2;5;7.4;19;6;2.1;3.9;8.7;9.9
14.3;61;33;5;7.4;18.9;6;2.1;3.9;8.6;9.9
14.2;60.6;32.7;5;7.3;18.8;5.9;2.1;3.9;8.6;9.8
14.1;60.1;32.5;4.9;7.3;18.6;5.9;2.1;3.9;8.5;9.7
14.1;59.8;32.3;4.9;7.2;18.5;5.8;2.1;3.8;8.5;9.7
14;59.6;32.2;4.9;7.2;18.5;5.8;2.1;3.8;8.4;9.6
14;59.5;32.2;4.9;7.2;18.4;5.8;2.1;3.8;8.4;9.6
14.1;59.8;32.3;4.9;7.2;18.5;5.8;2.1;3.8;8.5;9.7
14.2;60.4;32.6;5;7.3;18.7;5.9;2.1;3.9;8.5;9.8
14.4;61.1;33;5;7.4;18.9;6;2.1;3.9;8.7;9.9
14.5;61.9;33.4;5.1;7.5;19.2;6;2.2;4;8.8;10
14.8;63.1;34.1;5.2;7.6;19.6;6.2;2.2;4;8.9;10.2
15;64;34.6;5.3;7.7;19.8;6.2;2.2;4.1;9.1;10.3
15;63.9;34.6;5.3;7.7;19.8;6.2;2.2;4.1;9.1;10.3
14.9;63.4;34.3;5.2;7.7;19.7;6.2;2.2;4.1;9;10.2
14.7;62.6;33.8;5.1;7.5;19.4;6.1;2.2;4;8.9;10.1
14.4;61.4;33.2;5;7.4;19;6;2.1;3.9;8.7;9.9
14.2;60.3;32.6;5;7.3;18.7;5.9;2.1;3.9;8.5;9.7
14;59.4;32.1;4.9;7.2;18.4;5.8;2.1;3.8;8.4;9.6
13.8;58.6;31.7;4.8;7.1;18.2;5.7;2.1;3.8;8.3;9.5
13.6;57.9;31.3;4.8;7;18;5.7;2;3.7;8.2;9.4
13.5;57.4;31;4.7;6.9;17.8;5.6;2;3.7;8.1;9.3
13.5;57.5;31.1;4.7;6.9;17.8;5.6;2;3.7;8.1;9.3
13.9;59.3;32;4.9;7.2;18.4;5.8;2.1;3.8;8.4;9.6
14.2;60.6;32.7;5;7.3;18.8;5.9;2.1;3.9;8.6;9.8
14;59.8;32.3;4.9;7.2;18.5;5.8;2.1;3.8;8.5;9.7
14;59.4;32.1;4.9;7.2;18.4;5.8;2.1;3.8;8.4;9.6
13.9;58.9;31.9;4.8;7.1;18.3;5.8;2.1;3.8;8.3;9.5
13.5;57.4;31;4.7;6.9;17.8;5.6;2;3.7;8.1;9.3
13;55.3;29.9;4.5;6.7;17.1;5.4;1.9;3.5;7.8;8.9
12.6;53.7;29;4.4;6.5;16.7;5.2;1.9;3.4;7.6;8.7
12.6;53.5;28.9;4.4;6.5;16.6;5.2;1.9;3.4;7.6;8.6
12.5;53.1;28.7;4.4;6.4;16.5;5.2;1.9;3.4;7.5;8.6
12.4;52.7;28.5;4.3;6.4;16.4;5.1;1.8;3.4;7.5;8.5
12.3;52.5;28.4;4.3;6.3;16.3;5.1;1.8;3.4;7.4;8.5
12.1;51.5;27.8;4.2;6.2;16;5;1.8;3.3;7.3;8.3
11.8;50.3;27.2;4.1;6.1;15.6;4.9;1.8;3.2;7.1;8.1
11.7;49.7;26.9;4.1;6;15.4;4.9;1.7;3.2;7;8
11.6;49.1;26.6;4;5.9;15.3;4.8;1.7;3.2;7;7.9
11.5;48.7;26.3;4;5.9;15.1;4.8;1.7;3.1;6.9;7.9
11.5;48.8;26.4;4;5.9;15.1;4.8;1.7;3.1;6.9;7.9
11.5;48.8;26.4;4;5.9;15.2;4.8;1.7;3.1;6.9;7.9
11.6;49.3;26.7;4;6;15.3;4.8;1.7;3.2;7;8
11.9;50.5;27.3;4.1;6.1;15.7;4.9;1.8;3.2;7.2;8.2
12.1;51.5;27.8;4.2;6.2;16;5;1.8;3.3;7.3;8.3
12.4;52.8;28.6;4.3;6.4;16.4;5.2;1.8;3.4;7.5;8.5
12.9;55;29.7;4.5;6.6;17.1;5.4;1.9;3.5;7.8;8.9
13.4;56.8;30.7;4.7;6.9;17.7;5.5;2;3.6;8.1;9.2
13.8;58.6;31.7;4.8;7.1;18.2;5.7;2.1;3.8;8.3;9.5
14.2;60.5;32.7;5;7.3;18.8;5.9;2.1;3.9;8.6;9.8
14.5;61.9;33.4;5.1;7.5;19.2;6;2.2;4;8.8;10
14.7;62.7;33.9;5.1;7.6;19.5;6.1;2.2;4;8.9;10.1
14.9;63.4;34.3;5.2;7.6;19.7;6.2;2.2;4.1;9;10.2
15;64;34.6;5.2;7.7;19.9;6.2;2.2;4.1;9.1;10.3
15.1;64.4;34.8;5.3;7.8;20;6.3;2.3;4.1;9.1;10.4
15.2;64.9;35.1;5.3;7.8;20.1;6.3;2.3;4.2;9.2;10.5
15.3;65.1;35.2;5.3;7.8;20.2;6.3;2.3;4.2;9.2;10.5
15.3;65.1;35.2;5.3;7.9;20.2;6.4;2.3;4.2;9.2;10.5
15.3;65.2;35.2;5.3;7.9;20.2;6.4;2.3;4.2;9.2;10.5
15.3;65.2;35.3;5.3;7.9;20.3;6.4;2.3;4.2;9.2;10.5
15.3;65.3;35.3;5.4;7.9;20.3;6.4;2.3;4.2;9.3;10.5
15.4;65.4;35.3;5.4;7.9;20.3;6.4;2.3;4.2;9.3;10.6
15.4;65.7;35.5;5.4;7.9;20.4;6.4;2.3;4.2;9.3;10.6
15.5;65.8;35.6;5.4;7.9;20.4;6.4;2.3;4.2;9.3;10.6
15.4;65.4;35.4;5.4;7.9;20.3;6.4;2.3;4.2;9.3;10.6
15.4;65.4;35.4;5.4;7.9;20.3;6.4;2.3;4.2;9.3;10.6
15.3;65.3;35.3;5.4;7.9;20.3;6.4;2.3;4.2;9.3;10.6
15.2;64.5;34.9;5.3;7.8;20;6.3;2.3;4.1;9.1;10.4
15;64;34.6;5.2;7.7;19.9;6.2;2.2;4.1;9.1;10.3
15;63.8;34.5;5.2;7.7;19.8;6.2;2.2;4.1;9.1;10.3
15;63.7;34.4;5.2;7.7;19.8;6.2;2.2;4.1;9;10.3
14.8;62.9;34;5.2;7.6;19.6;6.1;2.2;4;8.9;10.2
14.6;62.1;33.6;5.1;7.5;19.3;6.1;2.2;4;8.8;10
14.5;61.7;33.3;5.1;7.4;19.2;6;2.2;4;8.7;10
14.4;61.2;33.1;5;7.4;19;6;2.1;3.9;8.7;9.9
14.3;60.8;32.9;5;7.3;18.9;5.9;2.1;3.9;8.6;9.8
14.2;60.5;32.7;5;7.3;18.8;5.9;2.1;3.9;8.6;9.8
14.1;60.2;32.6;4.9;7.3;18.7;5.9;2.1;3.9;8.5;9.7
14.1;60.1;32.5;4.9;7.3;18.7;5.9;2.1;3.9;8.5;9.7
14.2;60.4;32.6;4.9;7.3;18.8;5.9;2.1;3.9;8.6;9.8
14.3;61;33;5;7.4;19;5.9;2.1;3.9;8.7;9.9
14.5;61.8;33.4;5.1;7.4;19.2;6;2.2;4;8.8;10
14.7;62.5;33.8;5.1;7.5;19.5;6.1;2.2;4;8.9;10.1
15;63.7;34.5;5.2;7.7;19.8;6.2;2.2;4.1;9;10.3
15.2;64.7;35;5.3;7.8;20.1;6.3;2.3;4.2;9.2;10.5
15.2;64.6;34.9;5.3;7.8;20.1;6.3;2.3;4.2;9.2;10.4
15;64;34.6;5.2;7.7;19.9;6.2;2.2;4.1;9.1;10.4
14.8;63.1;34.1;5.2;7.6;19.6;6.2;2.2;4.1;9;10.2
14.6;61.9;33.5;5.1;7.5;19.3;6;2.2;4;8.8;10
14.3;60.8;32.9;5;7.3;18.9;5.9;2.1;3.9;8.6;9.8
14.1;59.9;32.4;4.9;7.2;18.6;5.8;2.1;3.9;8.5;9.7
13.9;59.2;32;4.8;7.1;18.4;5.8;2.1;3.8;8.4;9.6
13.7;58.4;31.6;4.8;7;18.2;5.7;2;3.8;8.3;9.4
13.6;57.9;31.3;4.7;7;18;5.6;2;3.7;8.2;9.4
13.6;58;31.4;4.8;7;18.1;5.7;2;3.7;8.2;9.4
14;59.8;32.3;4.9;7.2;18.6;5.8;2.1;3.8;8.5;9.7
14.4;61.1;33;5;7.4;19;6;2.1;3.9;8.7;9.9
14.2;60.3;32.6;4.9;7.3;18.8;5.9;2.1;3.9;8.6;9.8
14.1;60;32.4;4.9;7.2;18.7;5.8;2.1;3.9;8.5;9.7
14;59.5;32.2;4.9;7.2;18.5;5.8;2.1;3.8;8.5;9.6
13.6;58;31.4;4.8;7;18.1;5.7;2;3.7;8.2;9.4
13.1;55.9;30.2;4.6;6.7;17.4;5.5;2;3.6;7.9;9
12.8;54.4;29.4;4.4;6.6;16.9;5.3;1.9;3.5;7.7;8.8
12.7;54.2;29.3;4.4;6.5;16.9;5.3;1.9;3.5;7.7;8.8
12.6;53.8;29.1;4.4;6.5;16.7;5.2;1.9;3.5;7.6;8.7
12.5;53.3;28.8;4.4;6.4;16.6;5.2;1.9;3.4;7.6;8.6
12.5;53.1;28.7;4.3;6.4;16.5;5.2;1.9;3.4;7.5;8.6
12.2;52.1;28.2;4.3;6.3;16.2;5.1;1.8;3.3;7.4;8.4
12;50.9;27.5;4.2;6.1;15.9;5;1.8;3.3;7.2;8.2
11.8;50.3;27.2;4.1;6.1;15.7;4.9;1.8;3.2;7.1;8.1
11.7;49.7;26.9;4.1;6;15.5;4.8;1.7;3.2;7.1;8
11.6;49.2;26.6;4;5.9;15.3;4.8;1.7;3.2;7;8
11.6;49.2;26.6;4;5.9;15.3;4.8;1.7;3.2;7;8
11.6;49.2;26.6;4;5.9;15.3;4.8;1.7;3.2;7;8
11.7;49.7;26.9;4.1;6;15.5;4.8;1.7;3.2;7.1;8
11.9;50.8;27.5;4.2;6.1;15.8;5;1.8;3.3;7.2;8.2
12.2;51.8;28;4.2;6.2;16.1;5;1.8;3.3;7.4;8.4
12.5;53.1;28.7;4.3;6.4;16.5;5.2;1.9;3.4;7.5;8.6
13;55.3;29.9;4.5;6.7;17.2;5.4;1.9;3.6;7.9;8.9
13.4;57.2;30.9;4.7;6.9;17.8;5.6;2;3.7;8.1;9.3
13.8;59;31.9;4.8;7.1;18.4;5.7;2.1;3.8;8.4;9.5
14.3;60.8;32.9;5;7.3;19;5.9;2.1;3.9;8.6;9.8
14.6;62;33.5;5.1;7.5;19.3;6;2.2;4;8.8;10
14.7;62.8;33.9;5.1;7.6;19.6;6.1;2.2;4;8.9;10.2
14.9;63.3;34.2;5.2;7.6;19.7;6.2;2.2;4.1;9;10.2
15;63.8;34.5;5.2;7.7;19.9;6.2;2.2;4.1;9.1;10.3
15.1;64.2;34.7;5.2;7.7;20;6.3;2.3;4.1;9.1;10.4
15.2;64.6;34.9;5.3;7.8;20.1;6.3;2.3;4.2;9.2;10.5
15.2;64.8;35.1;5.3;7.8;20.2;6.3;2.3;4.2;9.2;10.5
15.2;64.9;35.1;5.3;7.8;20.2;6.3;2.3;4.2;9.2;10.5
15.3;64.9;35.1;5.3;7.8;20.2;6.3;2.3;4.2;9.2;10.5
15.3;64.9;35.1;5.3;7.8;20.3;6.3;2.3;4.2;9.2;10.5
15.3;65;35.1;5.3;7.8;20.3;6.3;2.3;4.2;9.2;10.5
15.3;65.1;35.2;5.3;7.8;20.3;6.3;2.3;4.2;9.3;10.5
15.4;65.4;35.4;5.3;7.9;20.4;6.4;2.3;4.2;9.3;10.6
15.4;65.4;35.4;5.3;7.9;20.4;6.4;2.3;4.2;9.3;10.6
15.3;64.9;35.1;5.3;7.8;20.3;6.3;2.3;4.2;9.2;10.5
15.3;65;35.2;5.3;7.8;20.3;6.3;2.3;4.2;9.2;10.5
15.3;65;35.1;5.3;7.8;20.3;6.3;2.3;4.2;9.2;10.5
15.1;64.1;34.7;5.2;7.7;20;6.2;2.3;4.1;9.1;10.4
14.9;63.6;34.4;5.2;7.7;19.8;6.2;2.2;4.1;9;10.3
14.9;63.4;34.3;5.2;7.6;19.8;6.2;2.2;4.1;9;10.3
14.8;63.2;34.2;5.2;7.6;19.7;6.2;2.2;4.1;9;10.2
14.7;62.5;33.8;5.1;7.5;19.5;6.1;2.2;4;8.9;10.1
14.5;61.6;33.3;5;7.4;19.2;6;2.2;4;8.8;10
14.4;61.2;33.1;5;7.4;19.1;6;2.2;3.9;8.7;9.9
14.3;60.7;32.8;5;7.3;19;5.9;2.1;3.9;8.6;9.8
14.2;60.3;32.6;4.9;7.3;18.8;5.9;2.1;3.9;8.6;9.8
14.1;60;32.4;4.9;7.2;18.7;5.8;2.1;3.9;8.5;9.7
14;59.7;32.3;4.9;7.2;18.7;5.8;2.1;3.8;8.5;9.7
14;59.7;32.3;4.9;7.2;18.6;5.8;2.1;3.8;8.5;9.7
14.1;60;32.4;4.9;7.2;18.7;5.8;2.1;3.9;8.5;9.7
14.2;60.6;32.8;4.9;7.3;18.9;5.9;2.1;3.9;8.6;9.8
14.4;61.3;33.2;5;7.4;19.1;6;2.2;4;8.7;9.9
14.6;62.1;33.6;5.1;7.5;19.4;6;2.2;4;8.8;10.1
14.9;63.3;34.2;5.2;7.6;19.8;6.2;2.2;4.1;9;10.3
15.1;64.2;34.7;5.2;7.7;20;6.3;2.3;4.1;9.1;10.4
15.1;64.1;34.7;5.2;7.7;20;6.2;2.3;4.1;9.1;10.4
14.9;63.6;34.4;5.2;7.7;19.9;6.2;2.2;4.1;9.1;10.3
14.7;62.7;33.9;5.1;7.6;19.6;6.1;2.2;4;8.9;10.2
14.5;61.6;33.3;5;7.4;19.2;6;2.2;4;8.8;10
14.2;60.5;32.7;4.9;7.3;18.9;5.9;2.1;3.9;8.6;9.8
14;59.6;32.2;4.9;7.2;18.6;5.8;2.1;3.8;8.5;9.7
13.8;58.9;31.8;4.8;7.1;18.4;5.7;2.1;3.8;8.4;9.5
13.7;58.2;31.4;4.7;7;18.2;5.7;2;3.7;8.3;9.4
13.5;57.6;31.2;4.7;6.9;18;5.6;2;3.7;8.2;9.3
13.6;57.8;31.2;4.7;7;18.1;5.6;2;3.7;8.2;9.4
14;59.5;32.2;4.9;7.2;18.6;5.8;2.1;3.8;8.5;9.6
14.3;60.9;32.9;5;7.3;19;5.9;2.1;3.9;8.7;9.9
14.1;60.2;32.5;4.9;7.2;18.8;5.9;2.1;3.9;8.6;9.8
14.1;59.9;32.4;4.9;7.2;18.7;5.8;2.1;3.9;8.5;9.7
14;59.4;32.1;4.8;7.2;18.6;5.8;2.1;3.8;8.5;9.6
13.6;57.9;31.3;4.7;7;18.1;5.6;2;3.7;8.3;9.4
13.1;55.8;30.2;4.6;6.7;17.4;5.4;2;3.6;8;9
12.7;54.2;29.3;4.4;6.5;17;5.3;1.9;3.5;7.7;8.8
12.7;54;29.2;4.4;6.5;16.9;5.3;1.9;3.5;7.7;8.8
12.6;53.6;29;4.4;6.5;16.8;5.2;1.9;3.5;7.6;8.7
12.5;53.2;28.8;4.3;6.4;16.6;5.2;1.9;3.4;7.6;8.6
12.4;52.9;28.6;4.3;6.4;16.5;5.1;1.9;3.4;7.5;8.6
12.2;51.9;28.1;4.2;6.2;16.2;5.1;1.8;3.3;7.4;8.4
11.9;50.8;27.4;4.1;6.1;15.9;4.9;1.8;3.3;7.2;8.2
11.8;50.2;27.1;4.1;6;15.7;4.9;1.8;3.2;7.2;8.1
11.6;49.5;26.8;4;6;15.5;4.8;1.7;3.2;7.1;8
11.5;49.1;26.5;4;5.9;15.4;4.8;1.7;3.2;7;8
11.5;49.1;26.5;4;5.9;15.4;4.8;1.7;3.2;7;8
11.5;49.1;26.6;4;5.9;15.4;4.8;1.7;3.2;7;8
11.6;49.6;26.8;4;6;15.5;4.8;1.7;3.2;7.1;8
11.9;50.7;27.4;4.1;6.1;15.9;4.9;1.8;3.3;7.2;8.2
12.1;51.6;27.9;4.2;6.2;16.2;5;1.8;3.3;7.4;8.4
12.4;52.9;28.6;4.3;6.4;16.5;5.1;1.9;3.4;7.5;8.6
12.9;54.9;29.7;4.5;6.6;17.2;5.3;1.9;3.5;7.8;8.9
13.3;56.7;30.7;4.6;6.8;17.8;5.5;2;3.7;8.1;9.2
13.7;58.4;31.6;4.8;7;18.3;5.7;2.1;3.8;8.3;9.5
14.1;60.3;32.6;4.9;7.2;18.9;5.9;2.1;3.9;8.6;9.8
14.4;61.5;33.2;5;7.4;19.2;6;2.2;4;8.8;10
14.6;62.2;33.6;5.1;7.5;19.5;6.1;2.2;4;8.9;10.1
14.7;62.8;33.9;5.1;7.6;19.7;6.1;2.2;4.1;9;10.2
14.8;63.3;34.2;5.2;7.6;19.8;6.2;2.2;4.1;9;10.3
15;63.7;34.5;5.2;7.7;20;6.2;2.2;4.1;9.1;10.3
15.1;64.3;34.7;5.2;7.7;20.1;6.3;2.3;4.1;9.2;10.4
15.1;64.5;34.9;5.3;7.8;20.2;6.3;2.3;4.2;9.2;10.5
15.1;64.5;34.9;5.3;7.8;20.2;6.3;2.3;4.2;9.2;10.5
15.2;64.6;34.9;5.3;7.8;20.2;6.3;2.3;4.2;9.2;10.5
15.2;64.6;34.9;5.3;7.8;20.2;6.3;2.3;4.2;9.2;10.5
15.2;64.6;34.9;5.3;7.8;20.2;6.3;2.3;4.2;9.2;10.5
15.2;64.7;35;5.3;7.8;20.3;6.3;2.3;4.2;9.2;10.5
15.2;64.9;35.1;5.3;7.8;20.3;6.3;2.3;4.2;9.3;10.5
15.2;64.9;35.1;5.3;7.8;20.3;6.3;2.3;4.2;9.3;10.5
15.1;64.5;34.9;5.2;7.8;20.2;6.3;2.3;4.2;9.2;10.5
15.2;64.6;35;5.3;7.8;20.3;6.3;2.3;4.2;9.2;10.5
15.2;64.6;34.9;5.3;7.8;20.2;6.3;2.3;4.2;9.2;10.5
14.9;63.6;34.4;5.2;7.6;19.9;6.2;2.2;4.1;9.1;10.3
14.7;62.8;34;5.1;7.6;19.7;6.1;2.2;4.1;9;10.2
14.7;62.5;33.8;5.1;7.5;19.6;6.1;2.2;4;8.9;10.1
14.6;62.3;33.7;5.1;7.5;19.5;6.1;2.2;4;8.9;10.1
14.4;61.5;33.2;5;7.4;19.3;6;2.2;4;8.8;10
14.2;60.6;32.8;4.9;7.3;19;5.9;2.1;3.9;8.7;9.8
14.1;60.2;32.5;4.9;7.2;18.9;5.9;2.1;3.9;8.6;9.8
14;59.6;32.2;4.8;7.2;18.7;5.8;2.1;3.9;8.5;9.7
13.9;59.1;31.9;4.8;7.1;18.5;5.7;2.1;3.8;8.4;9.6
13.8;58.6;31.7;4.8;7.1;18.4;5.7;2.1;3.8;8.4;9.5
13.7;58.4;31.6;4.7;7;18.3;5.7;2.1;3.8;8.3;9.5
13.7;58.4;31.6;4.7;7;18.3;5.7;2.1;3.8;8.3;9.5
13.8;58.7;31.7;4.8;7.1;18.4;5.7;2.1;3.8;8.4;9.5
13.9;59.4;32.1;4.8;7.1;18.6;5.8;2.1;3.8;8.5;9.6
14.1;60.1;32.5;4.9;7.2;18.8;5.8;2.1;3.9;8.6;9.8
14.2;60.7;32.8;4.9;7.3;19;5.9;2.1;3.9;8.7;9.9
14.5;61.6;33.3;5;7.4;19.3;6;2.2;4;8.8;10
14.6;62.3;33.7;5.1;7.5;19.5;6.1;2.2;4;8.9;10.1
14.6;62.2;33.6;5.1;7.5;19.5;6;2.2;4;8.9;10.1
14.5;61.8;33.4;5;7.4;19.4;6;2.2;4;8.8;10
14.3;61.1;33;5;7.3;19.2;5.9;2.2;3.9;8.7;9.9
14.1;60;32.4;4.9;7.2;18.8;5.8;2.1;3.9;8.6;9.8
13.9;59.1;31.9;4.8;7.1;18.5;5.7;2.1;3.8;8.4;9.6
13.7;58.3;31.5;4.7;7;18.3;5.7;2.1;3.8;8.3;9.5
13.5;57.7;31.2;4.7;6.9;18.1;5.6;2;3.7;8.3;9.4
13.4;57.1;30.9;4.6;6.9;17.9;5.6;2;3.7;8.2;9.3
13.3;56.7;30.7;4.6;6.8;17.8;5.5;2;3.7;8.1;9.2
13.4;57;30.8;4.6;6.9;17.9;5.5;2;3.7;8.1;9.3
13.8;58.8;31.8;4.8;7.1;18.5;5.7;2.1;3.8;8.4;9.6
14.1;60.2;32.6;4.9;7.2;18.9;5.9;2.1;3.9;8.6;9.8
14;59.5;32.2;4.8;7.2;18.7;5.8;2.1;3.9;8.5;9.7
13.9;59.2;32;4.8;7.1;18.6;5.8;2.1;3.8;8.5;9.6
13.8;58.6;31.7;4.8;7;18.4;5.7;2.1;3.8;8.4;9.5
13.4;57;30.8;4.6;6.9;17.9;5.5;2;3.7;8.2;9.3
12.9;54.8;29.6;4.5;6.6;17.2;5.3;1.9;3.5;7.8;8.9
12.5;53.2;28.7;4.3;6.4;16.7;5.2;1.9;3.4;7.6;8.6
12.4;52.8;28.6;4.3;6.3;16.6;5.1;1.9;3.4;7.6;8.6
12.3;52.3;28.3;4.2;6.3;16.4;5.1;1.9;3.4;7.5;8.5
12.1;51.8;28;4.2;6.2;16.3;5;1.8;3.3;7.4;8.4
12;51.3;27.8;4.2;6.2;16.1;5;1.8;3.3;7.3;8.3
11.8;50.2;27.1;4.1;6;15.8;4.9;1.8;3.3;7.2;8.2
11.5;49;26.5;4;5.9;15.4;4.8;1.7;3.2;7;8
11.3;48.2;26.1;3.9;5.8;15.2;4.7;1.7;3.1;6.9;7.8
11.1;47.5;25.7;3.9;5.7;14.9;4.6;1.7;3.1;6.8;7.7
11;46.9;25.4;3.8;5.6;14.7;4.6;1.7;3;6.7;7.6
11;46.7;25.2;3.8;5.6;14.7;4.5;1.7;3;6.7;7.6
10.9;46.5;25.1;3.8;5.6;14.6;4.5;1.6;3;6.7;7.6
10.9;46.5;25.1;3.8;5.6;14.6;4.5;1.6;3;6.7;7.6
11;47;25.4;3.8;5.6;14.8;4.6;1.7;3;6.7;7.6
11.1;47.2;25.5;3.8;5.7;14.9;4.6;1.7;3.1;6.8;7.7
11.2;47.6;25.7;3.9;5.7;15;4.6;1.7;3.1;6.8;7.7
11.3;48.3;26.1;3.9;5.8;15.2;4.7;1.7;3.1;6.9;7.9
11.4;48.8;26.4;4;5.9;15.3;4.7;1.7;3.2;7;7.9
11.6;49.3;26.7;4;5.9;15.5;4.8;1.7;3.2;7.1;8
11.7;50.1;27.1;4.1;6;15.8;4.9;1.8;3.2;7.2;8.2
11.9;50.8;27.5;4.1;6.1;16;4.9;1.8;3.3;7.3;8.3
12.1;51.5;27.9;4.2;6.2;16.2;5;1.8;3.3;7.4;8.4
12.3;52.5;28.4;4.3;6.3;16.5;5.1;1.9;3.4;7.5;8.5
12.5;53.4;28.9;4.3;6.4;16.8;5.2;1.9;3.5;7.7;8.7
12.8;54.4;29.4;4.4;6.5;17.1;5.3;1.9;3.5;7.8;8.9
13;55.4;30;4.5;6.7;17.4;5.4;2;3.6;7.9;9
13.1;56.1;30.3;4.5;6.7;17.6;5.4;2;3.6;8;9.1
13.2;56.4;30.5;4.6;6.8;17.8;5.5;2;3.7;8.1;9.2
13.3;56.8;30.7;4.6;6.8;17.9;5.5;2;3.7;8.1;9.2
13.3;56.8;30.7;4.6;6.8;17.9;5.5;2;3.7;8.1;9.3
13.3;56.9;30.7;4.6;6.8;17.9;5.5;2;3.7;8.1;9.3
13.4;57.1;30.8;4.6;6.9;18;5.5;2;3.7;8.2;9.3
13.5;57.4;31;4.7;6.9;18.1;5.6;2;3.7;8.2;9.4
13.6;57.8;31.2;4.7;6.9;18.2;5.6;2;3.7;8.3;9.4
13.6;58.2;31.4;4.7;7;18.3;5.6;2.1;3.8;8.3;9.5
13.8;58.8;31.8;4.8;7.1;18.5;5.7;2.1;3.8;8.4;9.6
13.8;58.8;31.8;4.8;7.1;18.5;5.7;2.1;3.8;8.4;9.6
13.5;57.5;31.1;4.7;6.9;18.1;5.6;2;3.7;8.2;9.4
13.2;56.4;30.5;4.6;6.8;17.8;5.5;2;3.7;8.1;9.2
13.1;55.8;30.1;4.5;6.7;17.6;5.4;2;3.6;8;9.1
13;55.4;30;4.5;6.7;17.5;5.4;2;3.6;7.9;9
12.8;54.6;29.5;4.4;6.6;17.2;5.3;1.9;3.5;7.8;8.9
12.6;53.7;29;4.3;6.5;16.9;5.2;1.9;3.5;7.7;8.8
12.5;53.3;28.8;4.3;6.4;16.8;5.2;1.9;3.5;7.6;8.7
12.4;52.8;28.5;4.3;6.3;16.6;5.1;1.9;3.4;7.6;8.6
12.3;52.3;28.2;4.2;6.3;16.5;5.1;1.9;3.4;7.5;8.5
12.2;51.9;28.1;4.2;6.2;16.4;5;1.8;3.4;7.5;8.5
12.1;51.7;28;4.2;6.2;16.3;5;1.8;3.4;7.4;8.4
12.1;51.8;28;4.2;6.2;16.3;5;1.8;3.4;7.4;8.4
12.3;52.3;28.3;4.2;6.3;16.5;5.1;1.9;3.4;7.5;8.5
12.4;53;28.7;4.3;6.4;16.7;5.1;1.9;3.4;7.6;8.6
12.6;53.9;29.1;4.4;6.5;17;5.2;1.9;3.5;7.7;8.8
12.8;54.7;29.5;4.4;6.6;17.2;5.3;1.9;3.5;7.8;8.9
13;55.6;30.1;4.5;6.7;17.5;5.4;2;3.6;8;9.1
13.2;56.4;30.5;4.6;6.8;17.8;5.5;2;3.7;8.1;9.2
13.3;56.7;30.6;4.6;6.8;17.9;5.5;2;3.7;8.1;9.2
13.2;56.5;30.5;4.6;6.8;17.8;5.5;2;3.7;8.1;9.2
13.1;56;30.2;4.5;6.7;17.6;5.4;2;3.6;8;9.1
12.9;55.1;29.8;4.5;6.6;17.4;5.4;2;3.6;7.9;9
12.8;54.5;29.5;4.4;6.5;17.2;5.3;1.9;3.5;7.8;8.9
12.7;54;29.2;4.4;6.5;17;5.2;1.9;3.5;7.8;8.8
12.6;53.6;28.9;4.3;6.4;16.9;5.2;1.9;3.5;7.7;8.7
12.5;53.1;28.7;4.3;6.4;16.8;5.2;1.9;3.5;7.6;8.7
12.4;53;28.6;4.3;6.4;16.7;5.1;1.9;3.4;7.6;8.6
12.6;53.6;28.9;4.3;6.4;16.9;5.2;1.9;3.5;7.7;8.7
13;55.6;30.1;4.5;6.7;17.5;5.4;2;3.6;8;9.1
13.4;57.3;31;4.6;6.9;18.1;5.6;2;3.7;8.2;9.3
13.3;56.9;30.7;4.6;6.8;17.9;5.5;2;3.7;8.2;9.3
13.3;56.5;30.6;4.6;6.8;17.8;5.5;2;3.7;8.1;9.2
13.1;56;30.3;4.5;6.7;17.7;5.4;2;3.6;8;9.1
12.8;54.6;29.5;4.4;6.6;17.2;5.3;1.9;3.5;7.8;8.9
12.3;52.7;28.5;4.3;6.3;16.6;5.1;1.9;3.4;7.6;8.6
12;51.1;27.6;4.1;6.1;16.1;5;1.8;3.3;7.3;8.3
11.9;50.9;27.5;4.1;6.1;16.1;4.9;1.8;3.3;7.3;8.3
11.8;50.4;27.2;4.1;6;15.9;4.9;1.8;3.3;7.2;8.2
11.7;49.8;26.9;4;6;15.7;4.8;1.8;3.2;7.2;8.1
11.5;49.3;26.6;4;5.9;15.6;4.8;1.8;3.2;7.1;8
11.3;48.1;26;3.9;5.8;15.2;4.7;1.7;3.1;6.9;7.9
11;46.9;25.3;3.8;5.6;14.8;4.5;1.7;3;6.7;7.7
10.8;46.1;24.9;3.7;5.5;14.6;4.5;1.6;3;6.6;7.5
10.6;45.3;24.5;3.7;5.4;14.3;4.4;1.6;2.9;6.5;7.4
10.5;44.7;24.1;3.6;5.4;14.1;4.3;1.6;2.9;6.4;7.3
10.4;44.3;23.9;3.6;5.3;14;4.3;1.6;2.9;6.4;7.2
10.3;44;23.8;3.6;5.3;13.9;4.3;1.6;2.9;6.3;7.2
10.3;43.9;23.7;3.5;5.3;13.9;4.3;1.6;2.9;6.3;7.2
10.3;44.1;23.8;3.6;5.3;13.9;4.3;1.6;2.9;6.3;7.2
10.3;44.1;23.8;3.6;5.3;13.9;4.3;1.6;2.9;6.3;7.2
10.4;44.2;23.9;3.6;5.3;14;4.3;1.6;2.9;6.4;7.2
10.4;44.5;24.1;3.6;5.3;14.1;4.3;1.6;2.9;6.4;7.3
10.5;44.6;24.1;3.6;5.4;14.1;4.3;1.6;2.9;6.4;7.3
10.5;44.8;24.2;3.6;5.4;14.2;4.3;1.6;2.9;6.4;7.3
10.6;45.2;24.4;3.6;5.4;14.3;4.4;1.6;2.9;6.5;7.4
10.7;45.6;24.6;3.7;5.5;14.4;4.4;1.6;3;6.6;7.5
10.8;46.1;24.9;3.7;5.5;14.6;4.5;1.6;3;6.6;7.5
11;46.9;25.3;3.8;5.6;14.8;4.5;1.7;3;6.7;7.7
11.2;47.7;25.8;3.8;5.7;15.1;4.6;1.7;3.1;6.9;7.8
11.4;48.7;26.3;3.9;5.8;15.4;4.7;1.7;3.2;7;8
11.6;49.7;26.8;4;6;15.7;4.8;1.8;3.2;7.2;8.1
11.8;50.5;27.3;4.1;6.1;16;4.9;1.8;3.3;7.3;8.3
12;51.2;27.7;4.1;6.1;16.2;5;1.8;3.3;7.4;8.4
12.1;51.8;28;4.2;6.2;16.4;5;1.8;3.4;7.5;8.5
12.2;52.3;28.2;4.2;6.3;16.5;5.1;1.9;3.4;7.5;8.5
12.3;52.6;28.4;4.2;6.3;16.6;5.1;1.9;3.4;7.6;8.6
12.4;53.1;28.7;4.3;6.4;16.8;5.1;1.9;3.5;7.6;8.7
12.5;53.5;28.9;4.3;6.4;16.9;5.2;1.9;3.5;7.7;8.7
12.6;54;29.2;4.3;6.5;17.1;5.2;1.9;3.5;7.8;8.8
12.8;54.5;29.4;4.4;6.5;17.2;5.3;1.9;3.5;7.8;8.9
12.9;55.2;29.8;4.4;6.6;17.5;5.3;2;3.6;7.9;9
12.9;55.1;29.7;4.4;6.6;17.4;5.3;2;3.6;7.9;9
12.6;53.6;29;4.3;6.4;17;5.2;1.9;3.5;7.7;8.8
12.2;52.3;28.2;4.2;6.3;16.5;5.1;1.9;3.4;7.5;8.6
12;51.4;27.8;4.1;6.2;16.3;5;1.8;3.3;7.4;8.4
11.9;51;27.5;4.1;6.1;16.1;4.9;1.8;3.3;7.3;8.3
11.7;50.1;27.1;4;6;15.9;4.9;1.8;3.3;7.2;8.2
11.5;49.2;26.6;4;5.9;15.6;4.8;1.8;3.2;7.1;8.1
11.4;48.9;26.4;3.9;5.9;15.5;4.7;1.7;3.2;7;8
11.3;48.4;26.1;3.9;5.8;15.3;4.7;1.7;3.2;7;7.9
11.2;47.9;25.9;3.9;5.7;15.2;4.6;1.7;3.1;6.9;7.8
11.2;47.7;25.8;3.8;5.7;15.1;4.6;1.7;3.1;6.9;7.8
11.1;47.6;25.7;3.8;5.7;15.1;4.6;1.7;3.1;6.9;7.8
11.2;47.7;25.8;3.8;5.7;15.1;4.6;1.7;3.1;6.9;7.8
11.3;48.3;26.1;3.9;5.8;15.3;4.7;1.7;3.1;7;7.9
11.5;49.2;26.6;4;5.9;15.6;4.8;1.8;3.2;7.1;8.1
11.8;50.2;27.1;4;6;15.9;4.9;1.8;3.3;7.2;8.2
12;51.3;27.7;4.1;6.2;16.3;5;1.8;3.3;7.4;8.4
12.3;52.7;28.4;4.2;6.3;16.7;5.1;1.9;3.4;7.6;8.6
12.6;53.8;29.1;4.3;6.5;17.1;5.2;1.9;3.5;7.8;8.8
12.7;54.4;29.4;4.4;6.5;17.2;5.3;1.9;3.5;7.9;8.9
12.8;54.7;29.5;4.4;6.6;17.3;5.3;2;3.6;7.9;9
12.8;54.6;29.5;4.4;6.5;17.3;5.3;2;3.6;7.9;8.9
12.7;54.2;29.3;4.4;6.5;17.2;5.2;1.9;3.5;7.8;8.9
12.6;53.9;29.1;4.3;6.5;17.1;5.2;1.9;3.5;7.8;8.8
12.5;53.6;28.9;4.3;6.4;17;5.2;1.9;3.5;7.7;8.8
12.4;53.1;28.7;4.3;6.4;16.8;5.1;1.9;3.5;7.7;8.7
12.3;52.7;28.5;4.2;6.3;16.7;5.1;1.9;3.4;7.6;8.6
12.3;52.5;28.4;4.2;6.3;16.6;5.1;1.9;3.4;7.6;8.6
12.4;52.9;28.5;4.2;6.3;16.8;5.1;1.9;3.4;7.6;8.7
12.8;54.7;29.5;4.4;6.6;17.4;5.3;2;3.6;7.9;9
13.1;56.2;30.3;4.5;6.7;17.8;5.4;2;3.7;8.1;9.2
13;55.5;30;4.5;6.7;17.6;5.4;2;3.6;8;9.1
13;55.3;29.9;4.4;6.6;17.6;5.4;2;3.6;8;9.1
12.9;55;29.7;4.4;6.6;17.4;5.3;2;3.6;7.9;9
12.6;53.7;29;4.3;6.4;17;5.2;1.9;3.5;7.8;8.8
12.1;51.8;28;4.2;6.2;16.4;5;1.9;3.4;7.5;8.5
11.8;50.4;27.2;4;6;16;4.9;1.8;3.3;7.3;8.3
11.8;50.2;27.1;4;6;15.9;4.9;1.8;3.3;7.2;8.2
11.7;49.8;26.9;4;6;15.8;4.8;1.8;3.2;7.2;8.2
11.6;49.4;26.7;4;5.9;15.7;4.8;1.8;3.2;7.1;8.1
11.5;49.1;26.5;3.9;5.9;15.6;4.8;1.8;3.2;7.1;8.1
11.3;48.1;26;3.9;5.8;15.3;4.7;1.7;3.1;7;7.9
11;47;25.4;3.8;5.6;14.9;4.6;1.7;3.1;6.8;7.7
10.9;46.5;25.1;3.7;5.6;14.7;4.5;1.7;3;6.7;7.6
10.7;45.9;24.8;3.7;5.5;14.6;4.4;1.6;3;6.6;7.5
10.6;45.5;24.6;3.7;5.5;14.4;4.4;1.6;3;6.6;7.5
10.7;45.6;24.6;3.7;5.5;14.5;4.4;1.6;3;6.6;7.5
10.7;45.8;24.7;3.7;5.5;14.5;4.4;1.6;3;6.6;7.5
10.9;46.4;25;3.7;5.6;14.7;4.5;1.7;3;6.7;7.6
11.2;47.7;25.8;3.8;5.7;15.2;4.6;1.7;3.1;6.9;7.8
11.4;48.8;26.3;3.9;5.8;15.5;4.7;1.7;3.2;7.1;8
11.7;50.2;27.1;4;6;15.9;4.9;1.8;3.3;7.3;8.2
12.3;52.4;28.3;4.2;6.3;16.6;5.1;1.9;3.4;7.6;8.6
12.7;54.3;29.3;4.4;6.5;17.3;5.3;1.9;3.5;7.9;8.9
13.1;56.1;30.3;4.5;6.7;17.8;5.4;2;3.7;8.1;9.2
13.5;57.9;31.3;4.6;6.9;18.4;5.6;2.1;3.8;8.4;9.5
13.8;59.1;31.9;4.7;7.1;18.8;5.7;2.1;3.9;8.6;9.7
14;60;32.4;4.8;7.2;19.1;5.8;2.2;3.9;8.7;9.9
14.2;60.7;32.8;4.9;7.3;19.3;5.9;2.2;4;8.8;10
14.3;61.3;33.1;4.9;7.3;19.5;5.9;2.2;4;8.9;10.1
14.5;61.9;33.4;5;7.4;19.7;6;2.2;4;9;10.2
14.6;62.4;33.7;5;7.5;19.8;6;2.2;4.1;9;10.3
14.7;62.7;33.9;5;7.5;19.9;6.1;2.2;4.1;9.1;10.3
14.7;62.9;33.9;5;7.5;20;6.1;2.3;4.1;9.1;10.3
14.7;62.9;34;5;7.5;20;6.1;2.3;4.1;9.1;10.3
14.8;63;34;5.1;7.6;20;6.1;2.3;4.1;9.1;10.4
14.8;63.2;34.1;5.1;7.6;20.1;6.1;2.3;4.1;9.1;10.4
14.8;63.3;34.2;5.1;7.6;20.1;6.1;2.3;4.1;9.2;10.4
14.9;63.7;34.4;5.1;7.6;20.3;6.2;2.3;4.2;9.2;10.5
14.9;63.8;34.5;5.1;7.6;20.3;6.2;2.3;4.2;9.2;10.5
14.9;63.5;34.3;5.1;7.6;20.2;6.1;2.3;4.2;9.2;10.4
14.9;63.7;34.4;5.1;7.6;20.3;6.2;2.3;4.2;9.2;10.5
14.9;63.7;34.4;5.1;7.6;20.3;6.2;2.3;4.2;9.2;10.5
14.7;63;34;5;7.5;20;6.1;2.3;4.1;9.1;10.4
14.6;62.5;33.7;5;7.5;19.9;6;2.2;4.1;9;10.3
14.6;62.2;33.6;5;7.5;19.8;6;2.2;4.1;9;10.2
14.5;62.1;33.5;5;7.4;19.8;6;2.2;4.1;9;10.2
14.3;61.3;33.1;4.9;7.3;19.5;5.9;2.2;4;8.9;10.1
14.2;60.5;32.7;4.8;7.2;19.3;5.8;2.2;4;8.8;10
14.1;60.1;32.4;4.8;7.2;19.1;5.8;2.2;3.9;8.7;9.9
14;59.7;32.2;4.8;7.1;19;5.8;2.1;3.9;8.6;9.8
13.9;59.2;32;4.7;7.1;18.8;5.7;2.1;3.9;8.6;9.7
13.8;58.9;31.8;4.7;7;18.7;5.7;2.1;3.9;8.5;9.7
13.7;58.6;31.6;4.7;7;18.7;5.7;2.1;3.8;8.5;9.6
13.7;58.6;31.6;4.7;7;18.7;5.7;2.1;3.8;8.5;9.6
13.8;58.8;31.7;4.7;7;18.7;5.7;2.1;3.8;8.5;9.7
13.9;59.4;32.1;4.8;7.1;18.9;5.7;2.1;3.9;8.6;9.8
14.1;60.2;32.5;4.8;7.2;19.2;5.8;2.2;3.9;8.7;9.9
14.3;61;32.9;4.9;7.3;19.4;5.9;2.2;4;8.8;10
14.6;62.2;33.6;5;7.5;19.8;6;2.2;4.1;9;10.2
14.8;63.2;34.1;5.1;7.6;20.1;6.1;2.3;4.1;9.2;10.4
14.8;63.2;34.1;5.1;7.6;20.1;6.1;2.3;4.1;9.2;10.4
14.7;62.7;33.9;5;7.5;20;6.1;2.3;4.1;9.1;10.3
14.5;61.9;33.4;4.9;7.4;19.7;6;2.2;4.1;9;10.2
14.2;60.7;32.8;4.9;7.3;19.4;5.9;2.2;4;8.8;10
14;59.6;32.2;4.8;7.1;19;5.8;2.1;3.9;8.7;9.8
13.7;58.7;31.7;4.7;7;18.7;5.7;2.1;3.8;8.5;9.7
13.6;57.9;31.3;4.6;6.9;18.5;5.6;2.1;3.8;8.4;9.5
13.4;57.2;30.9;4.6;6.8;18.2;5.5;2.1;3.7;8.3;9.4
13.3;56.7;30.6;4.5;6.8;18.1;5.5;2;3.7;8.2;9.3
13.3;56.8;30.7;4.5;6.8;18.1;5.5;2;3.7;8.3;9.4
13.7;58.6;31.6;4.7;7;18.7;5.7;2.1;3.8;8.5;9.7
14;60;32.4;4.8;7.2;19.1;5.8;2.2;3.9;8.7;9.9
13.8;59.2;31.9;4.7;7.1;18.9;5.7;2.1;3.9;8.6;9.8
13.8;58.8;31.7;4.7;7;18.8;5.7;2.1;3.9;8.5;9.7
13.6;58.4;31.5;4.7;7;18.6;5.6;2.1;3.8;8.5;9.6
13.3;56.9;30.7;4.5;6.8;18.1;5.5;2;3.7;8.3;9.4
12.8;54.7;29.5;4.4;6.6;17.5;5.3;2;3.6;8;9
12.4;53.2;28.7;4.2;6.4;17;5.1;1.9;3.5;7.7;8.8
12.4;53;28.6;4.2;6.3;16.9;5.1;1.9;3.5;7.7;8.7
12.3;52.6;28.4;4.2;6.3;16.8;5.1;1.9;3.4;7.6;8.7
12.2;52.2;28.2;4.2;6.2;16.7;5;1.9;3.4;7.6;8.6
12.2;51.9;28;4.1;6.2;16.6;5;1.9;3.4;7.5;8.6
11.9;51;27.5;4.1;6.1;16.3;4.9;1.8;3.3;7.4;8.4
11.7;49.8;26.9;4;6;15.9;4.8;1.8;3.3;7.2;8.2
11.5;49.3;26.6;3.9;5.9;15.7;4.8;1.8;3.2;7.2;8.1
11.4;48.7;26.3;3.9;5.8;15.5;4.7;1.8;3.2;7.1;8
11.3;48.3;26;3.8;5.8;15.4;4.7;1.7;3.2;7;8
11.3;48.3;26;3.8;5.8;15.4;4.7;1.7;3.2;7;8
11.3;48.3;26.1;3.9;5.8;15.4;4.7;1.7;3.2;7;8
11.4;48.9;26.4;3.9;5.8;15.6;4.7;1.8;3.2;7.1;8.1
11.7;50.1;27;4;6;16;4.8;1.8;3.3;7.3;8.3
11.9;51;27.5;4.1;6.1;16.3;4.9;1.8;3.3;7.4;8.4
12.2;52.4;28.2;4.2;6.3;16.7;5.1;1.9;3.4;7.6;8.6
12.8;54.6;29.4;4.4;6.5;17.4;5.3;2;3.6;7.9;9
13.2;56.5;30.5;4.5;6.8;18.1;5.5;2;3.7;8.2;9.3
13.6;58.3;31.5;4.7;7;18.6;5.6;2.1;3.8;8.5;9.6
14.1;60.2;32.5;4.8;7.2;19.3;5.8;2.2;4;8.8;9.9
14.4;61.5;33.2;4.9;7.4;19.6;5.9;2.2;4;8.9;10.2
14.6;62.2;33.6;5;7.4;19.9;6;2.2;4.1;9.1;10.3
14.7;62.8;33.9;5;7.5;20.1;6.1;2.3;4.1;9.1;10.4
14.8;63.3;34.1;5;7.6;20.2;6.1;2.3;4.2;9.2;10.5
14.9;63.7;34.4;5.1;7.6;20.4;6.2;2.3;4.2;9.3;10.5
15;64.1;34.6;5.1;7.7;20.5;6.2;2.3;4.2;9.3;10.6
15;64.3;34.7;5.1;7.7;20.6;6.2;2.3;4.2;9.4;10.6
15.1;64.4;34.7;5.1;7.7;20.6;6.2;2.3;4.2;9.4;10.6
15.1;64.4;34.7;5.1;7.7;20.6;6.2;2.3;4.2;9.4;10.6
15.1;64.4;34.7;5.1;7.7;20.6;6.2;2.3;4.2;9.4;10.6
15.1;64.5;34.8;5.1;7.7;20.6;6.2;2.3;4.2;9.4;10.7
15.1;64.6;34.8;5.1;7.7;20.7;6.2;2.3;4.2;9.4;10.7
15.2;64.9;35;5.2;7.8;20.8;6.3;2.3;4.3;9.5;10.7
15.2;64.9;35;5.2;7.8;20.8;6.3;2.3;4.3;9.5;10.7
15.1;64.4;34.7;5.1;7.7;20.6;6.2;2.3;4.2;9.4;10.7
15.1;64.5;34.8;5.1;7.7;20.6;6.2;2.3;4.2;9.4;10.7
15.1;64.5;34.8;5.1;7.7;20.6;6.2;2.3;4.2;9.4;10.7
14.9;63.7;34.3;5.1;7.6;20.4;6.1;2.3;4.2;9.3;10.5
14.8;63.1;34;5;7.6;20.2;6.1;2.3;4.1;9.2;10.4
14.7;62.9;33.9;5;7.5;20.1;6.1;2.3;4.1;9.2;10.4
14.7;62.8;33.9;5;7.5;20.1;6.1;2.3;4.1;9.2;10.4
14.5;62.1;33.5;4.9;7.4;19.9;6;2.2;4.1;9;10.3
14.3;61.2;33;4.9;7.3;19.6;5.9;2.2;4;8.9;10.1
14.2;60.8;32.8;4.8;7.3;19.5;5.9;2.2;4;8.9;10.1
14.1;60.4;32.6;4.8;7.2;19.3;5.8;2.2;4;8.8;10
14;59.9;32.3;4.8;7.2;19.2;5.8;2.2;3.9;8.7;9.9
13.9;59.6;32.1;4.7;7.1;19.1;5.7;2.2;3.9;8.7;9.9
13.9;59.4;32;4.7;7.1;19;5.7;2.2;3.9;8.7;9.8
13.9;59.3;32;4.7;7.1;19;5.7;2.1;3.9;8.7;9.8
13.9;59.6;32.1;4.7;7.1;19.1;5.7;2.2;3.9;8.7;9.9
14.1;60.2;32.4;4.8;7.2;19.3;5.8;2.2;4;8.8;10
14.2;60.9;32.8;4.8;7.3;19.5;5.9;2.2;4;8.9;10.1
14.4;61.6;33.2;4.9;7.4;19.8;5.9;2.2;4.1;9;10.2
14.7;62.9;33.9;5;7.5;20.1;6.1;2.3;4.1;9.2;10.4
14.9;63.8;34.4;5.1;7.6;20.4;6.2;2.3;4.2;9.3;10.6
14.9;63.7;34.3;5.1;7.6;20.4;6.1;2.3;4.2;9.3;10.6
14.8;63.2;34.1;5;7.6;20.3;6.1;2.3;4.2;9.2;10.5
14.6;62.3;33.6;5;7.5;20;6;2.3;4.1;9.1;10.3
14.3;61.2;33;4.9;7.3;19.6;5.9;2.2;4;8.9;10.1
14;60.1;32.4;4.8;7.2;19.3;5.8;2.2;4;8.8;10
13.8;59.1;31.9;4.7;7.1;19;5.7;2.1;3.9;8.6;9.8
13.6;58.4;31.5;4.6;7;18.7;5.6;2.1;3.8;8.5;9.7
13.5;57.7;31.1;4.6;6.9;18.5;5.6;2.1;3.8;8.4;9.6
13.4;57.2;30.8;4.5;6.8;18.3;5.5;2.1;3.8;8.4;9.5
13.4;57.3;30.9;4.5;6.9;18.4;5.5;2.1;3.8;8.4;9.5
13.8;59;31.8;4.7;7.1;18.9;5.7;2.1;3.9;8.6;9.8
14.1;60.3;32.5;4.8;7.2;19.4;5.8;2.2;4;8.8;10
13.9;59.5;32.1;4.7;7.1;19.1;5.7;2.2;3.9;8.7;9.9
13.8;59.2;31.9;4.7;7.1;19;5.7;2.1;3.9;8.6;9.8
13.7;58.7;31.6;4.7;7;18.8;5.7;2.1;3.9;8.6;9.7
13.4;57.2;30.8;4.5;6.8;18.4;5.5;2.1;3.8;8.4;9.5
12.9;55;29.7;4.4;6.6;17.7;5.3;2;3.6;8;9.1
12.5;53.5;28.8;4.2;6.4;17.2;5.2;1.9;3.5;7.8;8.9
12.4;53.3;28.7;4.2;6.4;17.1;5.1;1.9;3.5;7.8;8.8
12.4;52.9;28.5;4.2;6.3;17;5.1;1.9;3.5;7.7;8.8
12.3;52.5;28.3;4.2;6.3;16.9;5.1;1.9;3.5;7.7;8.7
12.2;52.2;28.1;4.1;6.2;16.8;5;1.9;3.4;7.6;8.7
12;51.2;27.6;4.1;6.1;16.5;4.9;1.9;3.4;7.5;8.5
11.7;50.1;27;4;6;16.1;4.8;1.8;3.3;7.3;8.3
11.6;49.5;26.7;3.9;5.9;15.9;4.8;1.8;3.3;7.2;8.2
11.4;48.9;26.4;3.9;5.8;15.7;4.7;1.8;3.2;7.2;8.1
11.3;48.5;26.1;3.8;5.8;15.6;4.7;1.8;3.2;7.1;8.1
11.3;48.5;26.1;3.8;5.8;15.6;4.7;1.8;3.2;7.1;8.1
11.3;48.6;26.2;3.8;5.8;15.6;4.7;1.8;3.2;7.1;8.1
11.5;49.1;26.5;3.9;5.9;15.8;4.7;1.8;3.2;7.2;8.2
11.7;50.3;27.1;4;6;16.2;4.8;1.8;3.3;7.4;8.4
12;51.3;27.6;4.1;6.1;16.5;4.9;1.9;3.4;7.5;8.5
12.3;52.6;28.3;4.2;6.3;16.9;5.1;1.9;3.5;7.7;8.7
12.8;54.7;29.5;4.3;6.5;17.6;5.3;2;3.6;8;9.1
13.2;56.6;30.5;4.5;6.8;18.2;5.4;2.1;3.7;8.3;9.4
13.6;58.3;31.4;4.6;7;18.8;5.6;2.1;3.8;8.5;9.7
14.1;60.2;32.4;4.8;7.2;19.4;5.8;2.2;4;8.8;10
14.4;61.5;33.2;4.9;7.4;19.8;5.9;2.2;4.1;9;10.2
14.6;62.4;33.6;4.9;7.5;20.1;6;2.3;4.1;9.1;10.4
14.7;63.1;34;5;7.5;20.3;6.1;2.3;4.2;9.2;10.5
14.9;63.6;34.3;5;7.6;20.5;6.1;2.3;4.2;9.3;10.6
15;64.1;34.5;5.1;7.7;20.6;6.2;2.3;4.2;9.4;10.7
15.1;64.5;34.8;5.1;7.7;20.8;6.2;2.4;4.3;9.5;10.7
15.1;64.7;34.9;5.1;7.7;20.8;6.2;2.4;4.3;9.5;10.8
15.1;64.8;34.9;5.1;7.7;20.9;6.2;2.4;4.3;9.5;10.8
15.1;64.8;34.9;5.1;7.7;20.9;6.2;2.4;4.3;9.5;10.8
15.1;64.8;34.9;5.1;7.7;20.9;6.2;2.4;4.3;9.5;10.8
15.2;64.9;35;5.1;7.8;20.9;6.2;2.4;4.3;9.5;10.8
15.2;65;35;5.1;7.8;20.9;6.3;2.4;4.3;9.5;10.8
15.3;65.3;35.2;5.2;7.8;21;6.3;2.4;4.3;9.6;10.9
15.3;65.4;35.2;5.2;7.8;21.1;6.3;2.4;4.3;9.6;10.9
15.2;65;35;5.1;7.8;20.9;6.3;2.4;4.3;9.5;10.8
15.2;65;35;5.1;7.8;20.9;6.3;2.4;4.3;9.5;10.8
15.2;64.9;35;5.1;7.8;20.9;6.2;2.4;4.3;9.5;10.8
15;64.1;34.5;5.1;7.7;20.7;6.2;2.3;4.2;9.4;10.7
14.9;63.6;34.3;5;7.6;20.5;6.1;2.3;4.2;9.3;10.6
14.8;63.4;34.2;5;7.6;20.4;6.1;2.3;4.2;9.3;10.6
14.8;63.3;34.1;5;7.6;20.4;6.1;2.3;4.2;9.3;10.5
14.6;62.6;33.7;4.9;7.5;20.2;6;2.3;4.1;9.2;10.4
14.4;61.7;33.2;4.9;7.4;19.9;5.9;2.3;4.1;9.1;10.3
14.3;61.3;33;4.8;7.3;19.8;5.9;2.2;4.1;9;10.2
14.2;60.8;32.8;4.8;7.3;19.6;5.9;2.2;4;8.9;10.1
14.1;60.4;32.5;4.8;7.2;19.5;5.8;2.2;4;8.9;10.1
14;60.1;32.4;4.7;7.2;19.4;5.8;2.2;4;8.8;10
14;59.8;32.2;4.7;7.1;19.3;5.8;2.2;4;8.8;10
13.9;59.8;32.2;4.7;7.1;19.3;5.7;2.2;4;8.8;10
14;60;32.3;4.7;7.2;19.3;5.8;2.2;4;8.8;10
14.1;60.6;32.6;4.8;7.2;19.5;5.8;2.2;4;8.9;10.1
14.3;61.4;33;4.8;7.3;19.8;5.9;2.2;4.1;9;10.2
14.5;62.1;33.4;4.9;7.4;20;6;2.3;4.1;9.1;10.4
14.8;63.3;34.1;5;7.6;20.4;6.1;2.3;4.2;9.3;10.6
15;64.2;34.6;5.1;7.7;20.7;6.2;2.4;4.3;9.4;10.7
15;64.2;34.5;5.1;7.7;20.7;6.2;2.3;4.2;9.4;10.7
14.8;63.6;34.2;5;7.6;20.5;6.1;2.3;4.2;9.4;10.6
14.6;62.7;33.8;4.9;7.5;20.2;6;2.3;4.1;9.2;10.5
14.4;61.5;33.1;4.8;7.3;19.9;5.9;2.3;4.1;9;10.3
14.1;60.4;32.5;4.8;7.2;19.5;5.8;2.2;4;8.9;10.1
13.9;59.5;32;4.7;7.1;19.2;5.7;2.2;3.9;8.7;9.9
13.7;58.8;31.6;4.6;7;19;5.6;2.2;3.9;8.6;9.8
13.5;58;31.2;4.6;6.9;18.7;5.6;2.1;3.8;8.5;9.7
13.4;57.5;30.9;4.5;6.9;18.6;5.5;2.1;3.8;8.5;9.6
13.4;57.6;31;4.5;6.9;18.6;5.5;2.1;3.8;8.5;9.6
13.8;59.3;31.9;4.7;7.1;19.2;5.7;2.2;3.9;8.7;9.9
14.1;60.6;32.6;4.8;7.2;19.6;5.8;2.2;4;8.9;10.1
14;59.9;32.2;4.7;7.1;19.3;5.8;2.2;4;8.8;10
13.9;59.5;32;4.7;7.1;19.2;5.7;2.2;3.9;8.8;9.9
13.8;59.1;31.8;4.7;7.1;19.1;5.7;2.2;3.9;8.7;9.9
13.4;57.6;31;4.5;6.9;18.6;5.5;2.1;3.8;8.5;9.6
13;55.5;29.9;4.4;6.6;17.9;5.3;2;3.7;8.2;9.3
12.6;54;29;4.2;6.4;17.4;5.2;2;3.6;7.9;9
12.5;53.8;28.9;4.2;6.4;17.4;5.2;2;3.6;7.9;9
12.5;53.4;28.7;4.2;6.4;17.3;5.1;2;3.5;7.9;8.9
12.4;52.9;28.5;4.2;6.3;17.1;5.1;1.9;3.5;7.8;8.9
12.3;52.7;28.4;4.1;6.3;17;5.1;1.9;3.5;7.8;8.8
12.1;51.7;27.8;4.1;6.2;16.7;5;1.9;3.4;7.6;8.6
11.8;50.5;27.2;4;6;16.3;4.9;1.9;3.3;7.4;8.5
11.6;49.9;26.9;3.9;6;16.1;4.8;1.8;3.3;7.4;8.4
11.5;49.3;26.5;3.9;5.9;15.9;4.7;1.8;3.3;7.3;8.3
11.4;48.9;26.3;3.8;5.8;15.8;4.7;1.8;3.2;7.2;8.2
11.4;48.8;26.3;3.8;5.8;15.8;4.7;1.8;3.2;7.2;8.2
11.4;48.8;26.3;3.8;5.8;15.8;4.7;1.8;3.2;7.2;8.2
11.5;49.3;26.5;3.9;5.9;16;4.7;1.8;3.3;7.3;8.3
11.8;50.4;27.1;4;6;16.3;4.8;1.9;3.3;7.4;8.4
12;51.4;27.6;4;6.1;16.6;4.9;1.9;3.4;7.6;8.6
12.3;52.7;28.3;4.1;6.3;17;5.1;1.9;3.5;7.8;8.8
12.8;54.8;29.5;4.3;6.5;17.7;5.3;2;3.6;8.1;9.2
13.2;56.7;30.5;4.5;6.8;18.4;5.4;2.1;3.8;8.4;9.5
13.6;58.5;31.5;4.6;7;18.9;5.6;2.2;3.9;8.6;9.8
14.1;60.3;32.5;4.7;7.2;19.5;5.8;2.2;4;8.9;10.1
14.3;61.5;33.1;4.8;7.3;19.9;5.9;2.3;4.1;9.1;10.3
14.5;62.2;33.5;4.9;7.4;20.2;6;2.3;4.1;9.2;10.4
14.6;62.8;33.8;4.9;7.5;20.3;6;2.3;4.2;9.3;10.5
14.7;63.2;34;5;7.5;20.5;6.1;2.3;4.2;9.3;10.6
14.8;63.6;34.2;5;7.6;20.6;6.1;2.3;4.2;9.4;10.7
14.9;64.1;34.5;5;7.6;20.8;6.2;2.4;4.3;9.5;10.7
15;64.3;34.6;5;7.7;20.8;6.2;2.4;4.3;9.5;10.8
15;64.4;34.6;5.1;7.7;20.9;6.2;2.4;4.3;9.5;10.8
15;64.4;34.6;5.1;7.7;20.9;6.2;2.4;4.3;9.5;10.8
15;64.4;34.6;5.1;7.7;20.9;6.2;2.4;4.3;9.5;10.8
15;64.4;34.6;5.1;7.7;20.9;6.2;2.4;4.3;9.5;10.8
15;64.5;34.7;5.1;7.7;20.9;6.2;2.4;4.3;9.5;10.8
15.1;64.8;34.9;5.1;7.7;21;6.2;2.4;4.3;9.6;10.9
15.1;64.8;34.9;5.1;7.7;21;6.2;2.4;4.3;9.6;10.9
15;64.4;34.6;5;7.7;20.9;6.2;2.4;4.3;9.5;10.8
15;64.4;34.7;5.1;7.7;20.9;6.2;2.4;4.3;9.5;10.8
15;64.4;34.6;5;7.7;20.9;6.2;2.4;4.3;9.5;10.8
14.8;63.5;34.2;5;7.6;20.6;6.1;2.3;4.2;9.4;10.7
14.7;63;33.9;4.9;7.5;20.4;6;2.3;4.2;9.3;10.6
14.6;62.8;33.8;4.9;7.5;20.4;6;2.3;4.2;9.3;10.5
14.6;62.6;33.7;4.9;7.5;20.3;6;2.3;4.2;9.3;10.5
14.4;61.9;33.3;4.8;7.4;20.1;5.9;2.3;4.1;9.2;10.4
14.2;61.1;32.8;4.8;7.3;19.8;5.9;2.3;4.1;9;10.3
14.1;60.7;32.6;4.8;7.2;19.7;5.8;2.2;4;9;10.2
14;60.2;32.4;4.7;7.2;19.5;5.8;2.2;4;8.9;10.1
13.9;59.7;32.1;4.7;7.1;19.4;5.7;2.2;4;8.8;10
13.8;59.4;31.9;4.7;7.1;19.3;5.7;2.2;4;8.8;10
13.8;59.2;31.8;4.6;7.1;19.2;5.7;2.2;3.9;8.8;9.9
13.8;59.2;31.8;4.6;7.1;19.2;5.7;2.2;3.9;8.8;9.9
13.9;59.4;31.9;4.7;7.1;19.3;5.7;2.2;4;8.8;10
14;60;32.3;4.7;7.2;19.5;5.8;2.2;4;8.9;10.1
14.2;60.7;32.6;4.8;7.2;19.7;5.8;2.2;4;9;10.2
14.3;61.5;33.1;4.8;7.3;20;5.9;2.3;4.1;9.1;10.3
14.6;62.7;33.7;4.9;7.5;20.4;6;2.3;4.2;9.3;10.5
14.8;63.6;34.2;5;7.6;20.7;6.1;2.4;4.2;9.4;10.7
14.8;63.5;34.1;5;7.6;20.6;6.1;2.3;4.2;9.4;10.7
14.7;63;33.9;4.9;7.5;20.5;6;2.3;4.2;9.3;10.6
14.5;62.1;33.4;4.9;7.4;20.2;6;2.3;4.1;9.2;10.5
14.2;61;32.8;4.8;7.3;19.8;5.8;2.3;4.1;9;10.3
14;59.9;32.2;4.7;7.1;19.5;5.7;2.2;4;8.9;10.1
13.7;59;31.7;4.6;7;19.2;5.7;2.2;3.9;8.7;9.9
13.6;58.3;31.3;4.6;7;19;5.6;2.2;3.9;8.6;9.8
13.4;57.6;30.9;4.5;6.9;18.7;5.5;2.1;3.8;8.5;9.7
13.3;57.1;30.7;4.5;6.8;18.6;5.5;2.1;3.8;8.5;9.6
13.3;57.2;30.7;4.5;6.8;18.6;5.5;2.1;3.8;8.5;9.6
13.7;58.9;31.7;4.6;7;19.2;5.6;2.2;3.9;8.7;9.9
14;60.3;32.4;4.7;7.2;19.6;5.8;2.2;4;8.9;10.2
13.9;59.6;32;4.7;7.1;19.4;5.7;2.2;4;8.8;10
13.8;59.3;31.8;4.6;7.1;19.3;5.7;2.2;3.9;8.8;10
13.7;58.8;31.6;4.6;7;19.1;5.6;2.2;3.9;8.7;9.9
13.4;57.3;30.8;4.5;6.8;18.7;5.5;2.1;3.8;8.5;9.7
12.9;55.2;29.7;4.3;6.6;18;5.3;2;3.7;8.2;9.3
12.5;53.7;28.8;4.2;6.4;17.5;5.1;2;3.6;8;9
12.5;53.5;28.7;4.2;6.4;17.4;5.1;2;3.6;7.9;9
12.4;53.1;28.5;4.1;6.3;17.3;5.1;2;3.5;7.9;8.9
12.3;52.6;28.3;4.1;6.3;17.1;5;2;3.5;7.8;8.9
12.2;52.3;28.1;4.1;6.2;17;5;1.9;3.5;7.8;8.8
12;51.3;27.6;4;6.1;16.7;4.9;1.9;3.4;7.6;8.7
11.7;50.2;27;3.9;6;16.4;4.8;1.9;3.3;7.5;8.5
11.6;49.6;26.7;3.9;5.9;16.2;4.8;1.8;3.3;7.4;8.4
11.4;49;26.3;3.8;5.8;16;4.7;1.8;3.3;7.3;8.3
11.3;48.6;26.1;3.8;5.8;15.8;4.7;1.8;3.2;7.2;8.2
11.3;48.6;26.1;3.8;5.8;15.8;4.6;1.8;3.2;7.2;8.2
11.3;48.6;26.1;3.8;5.8;15.8;4.7;1.8;3.2;7.2;8.2
11.4;49;26.3;3.8;5.8;16;4.7;1.8;3.3;7.3;8.3
11.7;50.1;26.9;3.9;6;16.3;4.8;1.9;3.3;7.5;8.5
11.9;51.1;27.4;4;6.1;16.6;4.9;1.9;3.4;7.6;8.6
12.2;52.3;28.1;4.1;6.2;17;5;1.9;3.5;7.8;8.8
12.6;54.3;29.2;4.2;6.5;17.7;5.2;2;3.6;8.1;9.2
13.1;56.1;30.1;4.4;6.7;18.3;5.4;2.1;3.7;8.3;9.5
13.5;57.8;31;4.5;6.9;18.8;5.5;2.1;3.9;8.6;9.8
13.9;59.6;32;4.6;7.1;19.4;5.7;2.2;4;8.9;10.1
14.2;60.8;32.6;4.7;7.2;19.8;5.8;2.3;4.1;9;10.3
14.3;61.5;33;4.8;7.3;20.1;5.9;2.3;4.1;9.2;10.4
14.5;62.1;33.3;4.8;7.4;20.2;5.9;2.3;4.1;9.2;10.5
14.6;62.5;33.6;4.9;7.5;20.4;6;2.3;4.2;9.3;10.6
14.7;63;33.8;4.9;7.5;20.6;6;2.3;4.2;9.4;10.7
14.8;63.5;34.1;4.9;7.6;20.7;6.1;2.4;4.2;9.5;10.7
14.8;63.8;34.2;5;7.6;20.8;6.1;2.4;4.3;9.5;10.8
14.9;63.8;34.3;5;7.6;20.8;6.1;2.4;4.3;9.5;10.8
14.9;63.8;34.3;5;7.6;20.8;6.1;2.4;4.3;9.5;10.8
14.9;63.8;34.3;5;7.6;20.8;6.1;2.4;4.3;9.5;10.8
14.9;63.8;34.3;5;7.6;20.8;6.1;2.4;4.3;9.5;10.8
14.9;63.9;34.3;5;7.6;20.9;6.1;2.4;4.3;9.5;10.8
14.9;64.1;34.4;5;7.6;20.9;6.1;2.4;4.3;9.6;10.9
14.9;64.1;34.4;5;7.6;20.9;6.1;2.4;4.3;9.6;10.9
14.8;63.7;34.2;5;7.6;20.8;6.1;2.4;4.3;9.5;10.8
14.9;63.9;34.3;5;7.6;20.9;6.1;2.4;4.3;9.5;10.8
14.9;63.8;34.2;5;7.6;20.8;6.1;2.4;4.3;9.5;10.8
14.6;62.8;33.7;4.9;7.5;20.5;6;2.3;4.2;9.4;10.6
14.5;62.1;33.3;4.8;7.4;20.3;5.9;2.3;4.2;9.3;10.5
14.4;61.8;33.1;4.8;7.4;20.2;5.9;2.3;4.1;9.2;10.5
14.3;61.6;33;4.8;7.3;20.1;5.9;2.3;4.1;9.2;10.4
14.1;60.7;32.6;4.7;7.2;19.9;5.8;2.3;4.1;9.1;10.3
13.9;59.9;32.1;4.6;7.1;19.6;5.7;2.2;4;8.9;10.1
13.8;59.4;31.9;4.6;7.1;19.4;5.7;2.2;4;8.9;10.1
13.7;58.9;31.6;4.6;7;19.3;5.6;2.2;3.9;8.8;10
13.6;58.3;31.3;4.5;6.9;19.1;5.6;2.2;3.9;8.7;9.9
13.5;57.9;31.1;4.5;6.9;18.9;5.5;2.2;3.9;8.6;9.8
13.4;57.7;30.9;4.5;6.9;18.9;5.5;2.2;3.9;8.6;9.8
13.4;57.7;30.9;4.5;6.9;18.9;5.5;2.2;3.9;8.6;9.8
13.5;58;31.1;4.5;6.9;19;5.5;2.2;3.9;8.7;9.8
13.6;58.6;31.5;4.5;7;19.2;5.6;2.2;3.9;8.7;9.9
13.8;59.3;31.8;4.6;7.1;19.4;5.7;2.2;4;8.9;10.1
13.9;59.9;32.2;4.6;7.1;19.6;5.7;2.2;4;8.9;10.2
14.2;60.8;32.6;4.7;7.2;19.9;5.8;2.3;4.1;9.1;10.3
14.3;61.5;33;4.8;7.3;20.1;5.9;2.3;4.1;9.2;10.4
14.3;61.4;32.9;4.8;7.3;20.1;5.9;2.3;4.1;9.2;10.4
14.2;61;32.7;4.7;7.3;20;5.8;2.3;4.1;9.1;10.3
14;60.3;32.3;4.7;7.2;19.7;5.8;2.3;4;9;10.2
13.8;59.2;31.8;4.6;7.1;19.4;5.7;2.2;4;8.9;10.1
13.6;58.3;31.3;4.5;6.9;19.1;5.6;2.2;3.9;8.7;9.9
13.4;57.6;30.9;4.5;6.9;18.9;5.5;2.2;3.9;8.6;9.8
13.3;57;30.6;4.4;6.8;18.7;5.4;2.1;3.8;8.5;9.7
13.1;56.4;30.2;4.4;6.7;18.5;5.4;2.1;3.8;8.4;9.6
13;56;30;4.3;6.7;18.3;5.3;2.1;3.8;8.4;9.5
13.1;56.2;30.2;4.4;6.7;18.4;5.4;2.1;3.8;8.4;9.6
13.5;58;31.1;4.5;6.9;19;5.5;2.2;3.9;8.7;9.9
13.8;59.4;31.9;4.6;7.1;19.5;5.7;2.2;4;8.9;10.1
13.7;58.7;31.5;4.5;7;19.2;5.6;2.2;3.9;8.8;10
13.6;58.4;31.3;4.5;7;19.1;5.6;2.2;3.9;8.7;9.9
13.5;57.9;31;4.5;6.9;19;5.5;2.2;3.9;8.7;9.8
13.1;56.3;30.2;4.4;6.7;18.4;5.4;2.1;3.8;8.4;9.6
12.6;54.1;29;4.2;6.4;17.7;5.2;2;3.6;8.1;9.2
12.2;52.4;28.1;4.1;6.2;17.2;5;2;3.5;7.8;8.9
12.1;52.1;28;4;6.2;17.1;5;2;3.5;7.8;8.9
12;51.6;27.7;4;6.1;16.9;4.9;1.9;3.5;7.7;8.8
11.9;51.1;27.4;3.9;6.1;16.7;4.9;1.9;3.4;7.6;8.7
11.8;50.6;27.2;3.9;6;16.6;4.8;1.9;3.4;7.6;8.6
11.5;49.5;26.6;3.8;5.9;16.2;4.7;1.9;3.3;7.4;8.4
11.2;48.3;25.9;3.7;5.7;15.8;4.6;1.8;3.2;7.2;8.2
11.1;47.6;25.5;3.7;5.7;15.6;4.5;1.8;3.2;7.1;8.1
10.9;46.9;25.1;3.6;5.6;15.4;4.5;1.8;3.1;7;8
10.8;46.3;24.8;3.6;5.5;15.2;4.4;1.7;3.1;6.9;7.9
10.7;46;24.7;3.6;5.5;15.1;4.4;1.7;3.1;6.9;7.8
10.7;45.8;24.6;3.5;5.5;15;4.4;1.7;3.1;6.9;7.8
10.7;45.8;24.6;3.5;5.5;15;4.4;1.7;3.1;6.9;7.8
10.8;46.3;24.8;3.6;5.5;15.2;4.4;1.7;3.1;6.9;7.9
10.8;46.6;25;3.6;5.5;15.3;4.4;1.8;3.1;7;7.9
10.9;46.9;25.2;3.6;5.6;15.4;4.5;1.8;3.2;7;8
11.1;47.6;25.5;3.7;5.7;15.6;4.5;1.8;3.2;7.1;8.1
11.2;48.1;25.8;3.7;5.7;15.8;4.6;1.8;3.2;7.2;8.2
11.3;48.6;26.1;3.8;5.8;16;4.6;1.8;3.3;7.3;8.3
11.5;49.4;26.5;3.8;5.9;16.2;4.7;1.9;3.3;7.4;8.4
11.6;50.1;26.8;3.9;6;16.4;4.8;1.9;3.4;7.5;8.5
11.8;50.8;27.2;3.9;6;16.7;4.8;1.9;3.4;7.6;8.7
12;51.7;27.7;4;6.2;17;4.9;1.9;3.5;7.8;8.8
12.2;52.7;28.2;4.1;6.3;17.3;5;2;3.5;7.9;9
12.5;53.6;28.7;4.1;6.4;17.6;5.1;2;3.6;8.1;9.2
12.7;54.6;29.3;4.2;6.5;18;5.2;2.1;3.7;8.2;9.3
12.8;55.3;29.6;4.3;6.6;18.2;5.3;2.1;3.7;8.3;9.4
12.9;55.6;29.8;4.3;6.6;18.3;5.3;2.1;3.7;8.4;9.5
13;55.9;30;4.3;6.7;18.4;5.3;2.1;3.8;8.4;9.5
13;56;30;4.3;6.7;18.4;5.3;2.1;3.8;8.4;9.6
13;56;30;4.3;6.7;18.4;5.3;2.1;3.8;8.4;9.6
13.1;56.2;30.1;4.3;6.7;18.5;5.4;2.1;3.8;8.4;9.6
13.1;56.6;30.3;4.4;6.7;18.6;5.4;2.1;3.8;8.5;9.7
13.2;57;30.5;4.4;6.8;18.7;5.4;2.1;3.8;8.6;9.7
13.3;57.3;30.7;4.4;6.8;18.9;5.5;2.2;3.9;8.6;9.8
13.5;57.9;31;4.5;6.9;19.1;5.5;2.2;3.9;8.7;9.9
13.5;57.9;31;4.5;6.9;19.1;5.5;2.2;3.9;8.7;9.9
13.2;56.6;30.3;4.4;6.7;18.6;5.4;2.1;3.8;8.5;9.7
12.9;55.5;29.8;4.3;6.6;18.3;5.3;2.1;3.7;8.4;9.5
12.8;54.9;29.4;4.2;6.5;18.1;5.2;2.1;3.7;8.3;9.4
12.7;54.6;29.2;4.2;6.5;18;5.2;2.1;3.7;8.2;9.3
12.5;53.8;28.8;4.1;6.4;17.7;5.1;2;3.6;8.1;9.2
12.3;52.9;28.3;4.1;6.3;17.4;5;2;3.6;8;9
12.2;52.5;28.1;4;6.2;17.3;5;2;3.5;7.9;9
12.1;52;27.8;4;6.2;17.1;5;2;3.5;7.8;8.9
12;51.5;27.6;4;6.1;17;4.9;1.9;3.5;7.7;8.8
11.9;51.1;27.4;3.9;6.1;16.9;4.9;1.9;3.4;7.7;8.8
11.8;50.9;27.3;3.9;6.1;16.8;4.9;1.9;3.4;7.7;8.7
11.8;51;27.3;3.9;6.1;16.8;4.9;1.9;3.4;7.7;8.7
12;51.5;27.6;4;6.1;17;4.9;1.9;3.5;7.7;8.8
12.1;52.2;28;4;6.2;17.2;5;2;3.5;7.9;8.9
12.3;53.1;28.4;4.1;6.3;17.5;5.1;2;3.6;8;9.1
12.5;53.8;28.8;4.1;6.4;17.7;5.1;2;3.6;8.1;9.2
12.7;54.8;29.3;4.2;6.5;18.1;5.2;2.1;3.7;8.2;9.4
12.9;55.6;29.7;4.3;6.6;18.3;5.3;2.1;3.7;8.4;9.5
13;55.8;29.9;4.3;6.6;18.4;5.3;2.1;3.8;8.4;9.6
12.9;55.6;29.8;4.3;6.6;18.3;5.3;2.1;3.7;8.4;9.5
12.8;55.1;29.5;4.2;6.5;18.2;5.2;2.1;3.7;8.3;9.4
12.6;54.3;29.1;4.2;6.5;17.9;5.2;2.1;3.7;8.2;9.3
12.5;53.6;28.7;4.1;6.4;17.7;5.1;2;3.6;8.1;9.2
12.3;53.1;28.4;4.1;6.3;17.5;5.1;2;3.6;8;9.1
12.2;52.7;28.2;4;6.3;17.4;5;2;3.6;7.9;9
12.1;52.3;28;4;6.2;17.3;5;2;3.5;7.9;9
12.1;52.2;27.9;4;6.2;17.2;5;2;3.5;7.9;8.9
12.2;52.7;28.2;4;6.3;17.4;5;2;3.6;7.9;9
12.7;54.7;29.3;4.2;6.5;18.1;5.2;2.1;3.7;8.3;9.4
13.1;56.3;30.2;4.3;6.7;18.6;5.4;2.1;3.8;8.5;9.7
13;55.9;29.9;4.3;6.7;18.5;5.3;2.1;3.8;8.4;9.6
12.9;55.6;29.8;4.3;6.6;18.4;5.3;2.1;3.8;8.4;9.5
12.8;55.1;29.5;4.2;6.6;18.2;5.2;2.1;3.7;8.3;9.5
12.5;53.7;28.8;4.1;6.4;17.8;5.1;2;3.6;8.1;9.2
12;51.8;27.7;4;6.2;17.1;4.9;2;3.5;7.8;8.9
11.7;50.3;26.9;3.9;6;16.6;4.8;1.9;3.4;7.6;8.6
11.6;50;26.8;3.8;5.9;16.5;4.8;1.9;3.4;7.6;8.6
11.5;49.5;26.5;3.8;5.9;16.4;4.7;1.9;3.3;7.5;8.5
11.4;48.9;26.2;3.7;5.8;16.2;4.7;1.9;3.3;7.4;8.4
11.3;48.5;25.9;3.7;5.8;16;4.6;1.8;3.3;7.3;8.3
11;47.3;25.3;3.6;5.6;15.6;4.5;1.8;3.2;7.2;8.1
10.7;46.1;24.7;3.5;5.5;15.2;4.4;1.8;3.1;7;7.9
10.5;45.4;24.3;3.5;5.4;15;4.3;1.7;3.1;6.9;7.8
10.3;44.6;23.8;3.4;5.3;14.7;4.2;1.7;3;6.7;7.7
10.2;43.9;23.5;3.4;5.2;14.5;4.2;1.7;3;6.6;7.5
10.1;43.6;23.3;3.3;5.2;14.4;4.1;1.7;2.9;6.6;7.5
10;43.3;23.1;3.3;5.1;14.3;4.1;1.6;2.9;6.5;7.4
10;43.1;23.1;3.3;5.1;14.3;4.1;1.6;2.9;6.5;7.4
10.1;43.3;23.2;3.3;5.1;14.3;4.1;1.6;2.9;6.6;7.5
10.1;43.4;23.2;3.3;5.2;14.4;4.1;1.7;2.9;6.6;7.5
10.1;43.5;23.2;3.3;5.2;14.4;4.1;1.7;2.9;6.6;7.5
10.2;43.7;23.4;3.3;5.2;14.5;4.2;1.7;3;6.6;7.5
10.2;43.9;23.5;3.4;5.2;14.5;4.2;1.7;3;6.6;7.6
10.2;44.1;23.6;3.4;5.2;14.6;4.2;1.7;3;6.7;7.6
10.3;44.5;23.8;3.4;5.3;14.7;4.2;1.7;3;6.7;7.7
10.4;44.8;24;3.4;5.3;14.8;4.3;1.7;3;6.8;7.7
10.5;45.3;24.2;3.5;5.4;15;4.3;1.7;3.1;6.9;7.8
10.7;46;24.6;3.5;5.5;15.3;4.4;1.8;3.1;7;7.9
10.9;46.9;25.1;3.6;5.6;15.5;4.5;1.8;3.2;7.1;8.1
11.1;47.8;25.6;3.7;5.7;15.8;4.5;1.8;3.2;7.2;8.2
11.3;48.8;26.1;3.7;5.8;16.2;4.6;1.9;3.3;7.4;8.4
11.5;49.6;26.5;3.8;5.9;16.4;4.7;1.9;3.4;7.5;8.6
11.7;50.3;26.9;3.8;6;16.7;4.8;1.9;3.4;7.6;8.7
11.8;50.9;27.2;3.9;6.1;16.9;4.8;1.9;3.4;7.7;8.8
11.9;51.3;27.4;3.9;6.1;17;4.9;2;3.5;7.8;8.9
12;51.7;27.6;3.9;6.1;17.1;4.9;2;3.5;7.8;8.9
12.1;52.1;27.9;4;6.2;17.3;4.9;2;3.5;7.9;9
12.2;52.5;28.1;4;6.2;17.4;5;2;3.6;8;9.1
12.3;53;28.3;4;6.3;17.6;5;2;3.6;8;9.1
12.4;53.5;28.6;4.1;6.4;17.8;5.1;2;3.6;8.1;9.2
12.6;54.2;28.9;4.1;6.4;18;5.1;2.1;3.7;8.2;9.3
12.5;54.1;28.9;4.1;6.4;17.9;5.1;2.1;3.7;8.2;9.3
12.2;52.6;28.1;4;6.3;17.5;5;2;3.6;8;9.1
11.9;51.3;27.4;3.9;6.1;17;4.9;2;3.5;7.8;8.9
11.7;50.5;27;3.8;6;16.8;4.8;1.9;3.4;7.7;8.7
11.6;50;26.7;3.8;5.9;16.6;4.8;1.9;3.4;7.6;8.6
11.4;49.2;26.3;3.7;5.8;16.3;4.7;1.9;3.3;7.5;8.5
11.2;48.3;25.8;3.7;5.7;16;4.6;1.8;3.3;7.3;8.3
11.1;48;25.6;3.7;5.7;15.9;4.6;1.8;3.3;7.3;8.3
11;47.5;25.4;3.6;5.6;15.8;4.5;1.8;3.2;7.2;8.2
10.9;47;25.1;3.6;5.6;15.6;4.5;1.8;3.2;7.1;8.1
10.9;46.8;25;3.6;5.6;15.5;4.4;1.8;3.2;7.1;8.1
10.8;46.7;24.9;3.6;5.5;15.5;4.4;1.8;3.2;7.1;8.1
10.9;46.8;25;3.6;5.6;15.6;4.4;1.8;3.2;7.1;8.1
11;47.4;25.3;3.6;5.6;15.8;4.5;1.8;3.2;7.2;8.2
11.2;48.3;25.8;3.7;5.7;16;4.6;1.8;3.3;7.3;8.3
11.4;49.3;26.3;3.7;5.9;16.4;4.7;1.9;3.3;7.5;8.5
11.7;50.4;26.9;3.8;6;16.7;4.8;1.9;3.4;7.7;8.7
12;51.7;27.6;3.9;6.1;17.2;4.9;2;3.5;7.9;8.9
12.2;52.8;28.2;4;6.3;17.6;5;2;3.6;8;9.1
12.4;53.4;28.5;4.1;6.3;17.8;5.1;2;3.6;8.1;9.2
12.4;53.7;28.7;4.1;6.4;17.8;5.1;2.1;3.6;8.2;9.3
12.4;53.6;28.6;4.1;6.4;17.8;5.1;2.1;3.6;8.2;9.3
12.3;53.1;28.4;4;6.3;17.7;5;2;3.6;8.1;9.2
12.2;52.8;28.2;4;6.3;17.6;5;2;3.6;8;9.1
12.2;52.6;28.1;4;6.2;17.5;5;2;3.6;8;9.1
12.1;52.1;27.8;4;6.2;17.3;4.9;2;3.5;7.9;9
12;51.7;27.6;3.9;6.1;17.2;4.9;2;3.5;7.9;9
11.9;51.5;27.5;3.9;6.1;17.1;4.9;2;3.5;7.8;8.9
12;51.8;27.7;3.9;6.2;17.3;4.9;2;3.5;7.9;9
12.4;53.7;28.7;4.1;6.4;17.9;5.1;2.1;3.6;8.2;9.3
12.8;55.1;29.4;4.2;6.5;18.3;5.2;2.1;3.7;8.4;9.5
12.6;54.5;29.1;4.1;6.5;18.1;5.2;2.1;3.7;8.3;9.4
12.6;54.3;29;4.1;6.4;18.1;5.1;2.1;3.7;8.3;9.4
0;0;0;0;0;0;0;0;0;0;0
